periode_data,jadwal_kegiatan,wilayah,kecamatan,kelurahan,lokasi_pelaksanaan,jumlah_lokasi_pelaksanaan,jumlah_orang_yang_dilatih,materi_yang_diberikan
2024,2024-07-02,"KOTA ADM. JAKARTA PUSAT",GAMBIR,"PETOJO SELATAN","Suku Dinas Pendidikan II Jakarta Pusat",1,40,"a.	Pengantar Kebencanaan
b.	adaptasi perubahan iklim
c.	kesiapsiagaan menghadapi gempa bumi
d.	Pertolongan pertama Bhd, Balut bidai, Stabilisasi dan Transportasi Penderita"
2024,2024-07-25,"KOTA ADM. JAKARTA PUSAT",KEMAYORAN,"SUMUR BATU","kantor Kelurahan Sumur Batu",1,40,"a.	Pengantar Kebencanaan
b.	adaptasi perubahan iklim
c.	kesiapsiagaan menghadapi gempa bumi
d.	Pertolongan pertama Bhd, Balut bidai, Stabilisasi dan Transportasi Penderita"
2024,2024-07-29,"KOTA ADM. JAKARTA PUSAT",KEMAYORAN,KEMAYORAN,"Kantor Kelurahan Kemayoran",1,40,"a.	Pengantar Kebencanaan
b.	adaptasi perubahan iklim
c.	kesiapsiagaan menghadapi gempa bumi
d.	Pertolongan pertama Bhd, Balut bidai, Stabilisasi dan Transportasi Penderita"
2024,2024-08-01,"KOTA ADM. JAKARTA PUSAT",KEMAYORAN,"CEMPAKA BARU","Kantor Kelurahan Cempaka Baru",1,40,"a.	Pengantar Kebencanaan
b.	adaptasi perubahan iklim
c.	kesiapsiagaan menghadapi gempa bumi
d.	Pertolongan pertama Bhd, Balut bidai, Stabilisasi dan Transportasi Penderita"
2024,2024-07-22,"KOTA ADM. JAKARTA PUSAT",SENEN,SENEN,"Kantor Kelurahan Senen",1,40,"a.	Pengantar Kebencanaan
b.	adaptasi perubahan iklim
c.	kesiapsiagaan menghadapi gempa bumi
d.	Pertolongan pertama Bhd, Balut bidai, Stabilisasi dan Transportasi Penderita"
2024,2024-07-24,"KOTA ADM. JAKARTA PUSAT",SENEN,KRAMAT,"kantor Kelurahan Kramat",1,40,"a.	Pengantar Kebencanaan
b.	adaptasi perubahan iklim
c.	kesiapsiagaan menghadapi gempa bumi
d.	Pertolongan pertama Bhd, Balut bidai, Stabilisasi dan Transportasi Penderita"
2024,2024-07-24,"KOTA ADM. JAKARTA PUSAT",SENEN,KENARI,"Kantor Kelurahan kenari",1,40,"a.	Pengantar Kebencanaan
b.	adaptasi perubahan iklim
c.	kesiapsiagaan menghadapi gempa bumi
d.	Pertolongan pertama Bhd, Balut bidai, Stabilisasi dan Transportasi Penderita"
2024,2024-07-17,"KOTA ADM. JAKARTA PUSAT","TANAH ABANG","KAMPUNG BALI","Kantor Kelurahan Kampung Bali ",1,40,"a.	Pengantar Kebencanaan
b.	adaptasi perubahan iklim
c.	kesiapsiagaan menghadapi gempa bumi
d.	Pertolongan pertama Bhd, Balut bidai, Stabilisasi dan Transportasi Penderita"
2024,2024-07-25,"KOTA ADM. JAKARTA PUSAT","TANAH ABANG","KEBON KACANG","Kantor Kelurahan Kebon Kacang",1,40,"a.	Pengantar Kebencanaan
b.	adaptasi perubahan iklim
c.	kesiapsiagaan menghadapi gempa bumi
d.	Pertolongan pertama Bhd, Balut bidai, Stabilisasi dan Transportasi Penderita"
2024,2024-07-18,"KOTA ADM. JAKARTA PUSAT","JOHAR BARU","JOHAR BARU","Kantor Kelurahan Johar Baru",1,40,"a.	Pengantar Kebencanaan
b.	adaptasi perubahan iklim
c.	kesiapsiagaan menghadapi gempa bumi
d.	Pertolongan pertama Bhd, Balut bidai, Stabilisasi dan Transportasi Penderita"
2024,2024-06-13,"KOTA ADM. JAKARTA UTARA","TANJUNG PRIOK",WARAKAS,"Kantor Kelurahan",1,40,"a.	Pengantar Kebencanaan
b.	adaptasi perubahan iklim
c.	kesiapsiagaan menghadapi gempa bumi
d.	Pertolongan pertama Bhd, Balut bidai, Stabilisasi dan Transportasi Penderita"
2024,2024-07-31,"KOTA ADM. JAKARTA UTARA","TANJUNG PRIOK",PAPANGGO,"Kantor Kelurahan Papanggo",1,40,"a.	Pengantar Kebencanaan
b.	adaptasi perubahan iklim
c.	kesiapsiagaan menghadapi gempa bumi
d.	Pertolongan pertama Bhd, Balut bidai, Stabilisasi dan Transportasi Penderita"
2024,2024-06-10,"KOTA ADM. JAKARTA UTARA",KOJA,"TUGU UTARA","KELURAHAN TUGU UTARA",1,40,"a.	Pengantar Kebencanaan
b.	adaptasi perubahan iklim
c.	kesiapsiagaan menghadapi gempa bumi
d.	Pertolongan pertama Bhd, Balut bidai, Stabilisasi dan Transportasi Penderita"
2024,2024-06-20,"KOTA ADM. JAKARTA UTARA",KOJA,"RAWA BADAK UTARA","Pembinaan dan Peningkatan Kapasitas Aparatur, Relawan Serta Potensi Masyarakat Lainnya Dalam Penyelenggaraan Penanggulangan Bencana",1,40,"a.	Pengantar Kebencanaan
b.	adaptasi perubahan iklim
c.	kesiapsiagaan menghadapi gempa bumi
d.	Pertolongan pertama Bhd, Balut bidai, Stabilisasi dan Transportasi Penderita"
2024,2024-07-23,"KOTA ADM. JAKARTA UTARA",KOJA,"TUGU UTARA","Yayasan alhidayah Jakarta Utara",1,40,"a.	Pengantar Kebencanaan
b.	adaptasi perubahan iklim
c.	kesiapsiagaan menghadapi gempa bumi
d.	Pertolongan pertama Bhd, Balut bidai, Stabilisasi dan Transportasi Penderita"
2024,2024-06-11,"KOTA ADM. JAKARTA UTARA",CILINCING,CILINCING,"Kantor Kelurahan",1,40,"a.	Pengantar Kebencanaan
b.	adaptasi perubahan iklim
c.	kesiapsiagaan menghadapi gempa bumi
d.	Pertolongan pertama Bhd, Balut bidai, Stabilisasi dan Transportasi Penderita"
2024,2024-06-25,"KOTA ADM. JAKARTA UTARA",CILINCING,"SEMPER BARAT","Kantor Kelurahan",1,40,"a.	Pengantar Kebencanaan
b.	adaptasi perubahan iklim
c.	kesiapsiagaan menghadapi gempa bumi
d.	Pertolongan pertama Bhd, Balut bidai, Stabilisasi dan Transportasi Penderita"
2024,2024-07-01,"KOTA ADM. JAKARTA UTARA",CILINCING,"KALI BARU","Kantor Kelurahan",1,40,"a.	Pengantar Kebencanaan
b.	adaptasi perubahan iklim
c.	kesiapsiagaan menghadapi gempa bumi
d.	Pertolongan pertama Bhd, Balut bidai, Stabilisasi dan Transportasi Penderita"
2024,2024-07-03,"KOTA ADM. JAKARTA UTARA",CILINCING,"SEMPER TIMUR","Kantor Kwarda Jakarta Utara",1,40,"a.	Pengantar Kebencanaan
b.	adaptasi perubahan iklim
c.	kesiapsiagaan menghadapi gempa bumi
d.	Pertolongan pertama Bhd, Balut bidai, Stabilisasi dan Transportasi Penderita"
2024,2024-06-19,"KOTA ADM. JAKARTA UTARA",PADEMANGAN,"PADEMANGAN TIMUR","Kantor Kelurahan",1,40,"a.	Pengantar Kebencanaan
b.	adaptasi perubahan iklim
c.	kesiapsiagaan menghadapi gempa bumi
d.	Pertolongan pertama Bhd, Balut bidai, Stabilisasi dan Transportasi Penderita"
2024,2024-06-26,"KOTA ADM. JAKARTA UTARA","KELAPA GADING","PEGANGSAAN DUA","Kantor Kelurahan",1,40,"a.	Pengantar Kebencanaan
b.	adaptasi perubahan iklim
c.	kesiapsiagaan menghadapi gempa bumi
d.	Pertolongan pertama Bhd, Balut bidai, Stabilisasi dan Transportasi Penderita"
2024,2024-06-24,"KOTA ADM. JAKARTA BARAT","GROGOL PETAMBURAN",JELAMBAR,"RPTRA Kelurahan",1,40,"a.	Pengantar Kebencanaan
b.	adaptasi perubahan iklim
c.	kesiapsiagaan menghadapi gempa bumi
d.	Pertolongan pertama Bhd, Balut bidai, Stabilisasi dan Transportasi Penderita"
2024,2024-06-25,"KOTA ADM. JAKARTA BARAT","GROGOL PETAMBURAN",TOMANG,"Kantor Kelurahan",1,40,"a.	Pengantar Kebencanaan
b.	adaptasi perubahan iklim
c.	kesiapsiagaan menghadapi gempa bumi
d.	Pertolongan pertama Bhd, Balut bidai, Stabilisasi dan Transportasi Penderita"
2024,2024-07-04,"KOTA ADM. JAKARTA BARAT","GROGOL PETAMBURAN","WIJAYA KUSUMA","Kantor Kelurahan",1,40,"a.	Pengantar Kebencanaan
b.	adaptasi perubahan iklim
c.	kesiapsiagaan menghadapi gempa bumi
d.	Pertolongan pertama Bhd, Balut bidai, Stabilisasi dan Transportasi Penderita"
2024,2024-06-12,"KOTA ADM. JAKARTA BARAT",TAMBORA,"DURI SELATAN","Kantor Kelurahan",1,40,"a.	Pengantar Kebencanaan
b.	adaptasi perubahan iklim
c.	kesiapsiagaan menghadapi gempa bumi
d.	Pertolongan pertama Bhd, Balut bidai, Stabilisasi dan Transportasi Penderita"
2024,2024-06-21,"KOTA ADM. JAKARTA BARAT",TAMBORA,"TANAH SEREAL","Kantor Kelurahan",1,40,"a.	Pengantar Kebencanaan
b.	adaptasi perubahan iklim
c.	kesiapsiagaan menghadapi gempa bumi
d.	Pertolongan pertama Bhd, Balut bidai, Stabilisasi dan Transportasi Penderita"
2024,2024-06-27,"KOTA ADM. JAKARTA BARAT",TAMBORA,KERENDANG,"Kantor Kelurahan",1,40,"a.	Pengantar Kebencanaan
b.	adaptasi perubahan iklim
c.	kesiapsiagaan menghadapi gempa bumi
d.	Pertolongan pertama Bhd, Balut bidai, Stabilisasi dan Transportasi Penderita"
2024,2024-06-20,"KOTA ADM. JAKARTA BARAT","KEBON JERUK","KELAPA DUA","Pembinaan dan Peningkatan Kapasitas Aparatur, Relawan Serta Potensi Masyarakat Lainnya Dalam Penyelenggaraan Penanggulangan Bencana",1,40,"a.	Pengantar Kebencanaan
b.	adaptasi perubahan iklim
c.	kesiapsiagaan menghadapi gempa bumi
d.	Pertolongan pertama Bhd, Balut bidai, Stabilisasi dan Transportasi Penderita"
2024,2024-06-10,"KOTA ADM. JAKARTA BARAT",PALMERAH,KEMANGGISAN,"Kantor Kelurahan",1,40,"a.	Pengantar Kebencanaan
b.	adaptasi perubahan iklim
c.	kesiapsiagaan menghadapi gempa bumi
d.	Pertolongan pertama Bhd, Balut bidai, Stabilisasi dan Transportasi Penderita"
2024,2024-06-11,"KOTA ADM. JAKARTA BARAT",KEMBANGAN,"MERUYA UTARA","Kantor Kelurahan",1,40,"a.	Pengantar Kebencanaan
b.	adaptasi perubahan iklim
c.	kesiapsiagaan menghadapi gempa bumi
d.	Pertolongan pertama Bhd, Balut bidai, Stabilisasi dan Transportasi Penderita"
2024,2024-07-31,"KOTA ADM. JAKARTA BARAT",KEMBANGAN,"KEMBANGAN SELATAN","Kantor Kwarcab Jakarta Barat",1,40,"a.	Pengantar Kebencanaan
b.	adaptasi perubahan iklim
c.	kesiapsiagaan menghadapi gempa bumi
d.	Pertolongan pertama Bhd, Balut bidai, Stabilisasi dan Transportasi Penderita"
2024,2024-07-17,"KOTA ADM. JAKARTA SELATAN","SETIA BUDI","KARET KUNINGAN","Kantor Kelurahan Karet Kuningan",1,40,"a.	Pengantar Kebencanaan
b.	adaptasi perubahan iklim
c.	kesiapsiagaan menghadapi gempa bumi
d.	Pertolongan pertama Bhd, Balut bidai, Stabilisasi dan Transportasi Penderita"
2024,2024-07-11,"KOTA ADM. JAKARTA SELATAN","PASAR MINGGU","CILANDAK TIMUR","Kantor Kelurahan Cilandak Timur",1,40,"a.	Pengantar Kebencanaan
b.	adaptasi perubahan iklim
c.	kesiapsiagaan menghadapi gempa bumi
d.	Pertolongan pertama Bhd, Balut bidai, Stabilisasi dan Transportasi Penderita"
2024,2024-07-15,"KOTA ADM. JAKARTA SELATAN","KEBAYORAN LAMA","GROGOL SELATAN","Kantor Kelurahan Grogol Selatan",1,40,"a.	Pengantar Kebencanaan
b.	adaptasi perubahan iklim
c.	kesiapsiagaan menghadapi gempa bumi
d.	Pertolongan pertama Bhd, Balut bidai, Stabilisasi dan Transportasi Penderita
"
2024,2024-07-18,"KOTA ADM. JAKARTA SELATAN","KEBAYORAN BARU",PULO,"Kantor Kelurahan Pulo ",1,40,"a.	Pengantar Kebencanaan
b.	adaptasi perubahan iklim
c.	kesiapsiagaan menghadapi gempa bumi
d.	Pertolongan pertama Bhd, Balut bidai, Stabilisasi dan Transportasi Penderita"
2024,2024-07-22,"KOTA ADM. JAKARTA SELATAN","KEBAYORAN BARU",MELAWAI,"Kantor Kelurahan Melawai",1,40,"a.	Pengantar Kebencanaan
b.	adaptasi perubahan iklim
c.	kesiapsiagaan menghadapi gempa bumi
d.	Pertolongan pertama Bhd, Balut bidai, Stabilisasi dan Transportasi Penderita"
2024,2024-07-09,"KOTA ADM. JAKARTA SELATAN",JAGAKARSA,CIGANJUR,"Kantor Kelurahan",1,40,"a.	Pengantar Kebencanaan
b.	adaptasi perubahan iklim
c.	kesiapsiagaan menghadapi gempa bumi
d.	Pertolongan pertama Bhd, Balut bidai, Stabilisasi dan Transportasi Penderita"
2024,2024-07-10,"KOTA ADM. JAKARTA SELATAN",JAGAKARSA,JAGAKARSA,"Kantor Kwarcab Jakarta Selatan",1,40,"a.	Pengantar Kebencanaan
b.	adaptasi perubahan iklim
c.	kesiapsiagaan menghadapi gempa bumi
d.	Pertolongan pertama Bhd, Balut bidai, Stabilisasi dan Transportasi Penderita"
2024,2024-07-10,"KOTA ADM. JAKARTA SELATAN",JAGAKARSA,JAGAKARSA,"Kantor Kelurahan Jagakarsa",1,40,"a.	Pengantar Kebencanaan
b.	adaptasi perubahan iklim
c.	kesiapsiagaan menghadapi gempa bumi
d.	Pertolongan pertama Bhd, Balut bidai, Stabilisasi dan Transportasi Penderita"
2024,2024-07-16,"KOTA ADM. JAKARTA SELATAN",PESANGGRAHAN,BINTARO,"Kantor Kelurahan Bintaro",1,40,"a.	Pengantar Kebencanaan
b.	adaptasi perubahan iklim
c.	kesiapsiagaan menghadapi gempa bumi
d.	Pertolongan pertama Bhd, Balut bidai, Stabilisasi dan Transportasi Penderita"
2024,2024-07-09,"KOTA ADM. JAKARTA TIMUR",MATRAMAN,"PAL MERIAM","Kantor Kelurahan",1,40,"a.	Pengantar Kebencanaan
b.	adaptasi perubahan iklim
c.	kesiapsiagaan menghadapi gempa bumi
d.	Pertolongan pertama Bhd, Balut bidai, Stabilisasi dan Transportasi Penderita"
2024,2024-07-08,"KOTA ADM. JAKARTA TIMUR","PULO GADUNG","KAYU PUTIH","kantor Kelurahan",1,40,"a.	Pengantar Kebencanaan
b.	adaptasi perubahan iklim
c.	kesiapsiagaan menghadapi gempa bumi
d.	Pertolongan pertama Bhd, Balut bidai, Stabilisasi dan Transportasi Penderita"
2024,2024-07-01,"KOTA ADM. JAKARTA TIMUR",JATINEGARA,"BIDARA CINA","Masjid Jami Ittihadul Ikhwan Jakarta Timur",1,40,"a.	Pengantar Kebencanaan
b.	adaptasi perubahan iklim
c.	kesiapsiagaan menghadapi gempa bumi
d.	Pertolongan pertama Bhd, Balut bidai, Stabilisasi dan Transportasi Penderita"
2024,2024-07-02,"KOTA ADM. JAKARTA TIMUR","KRAMAT JATI","BATU AMPAR","RPTRA Udara Segar",1,40,"a.	Pengantar Kebencanaan
b.	adaptasi perubahan iklim
c.	kesiapsiagaan menghadapi gempa bumi
d.	Pertolongan pertama Bhd, Balut bidai, Stabilisasi dan Transportasi Penderita"
2024,2024-07-03,"KOTA ADM. JAKARTA TIMUR","KRAMAT JATI","KAMPUNG TENGAH","Kantor Kelurahan",1,40,"a.	Pengantar Kebencanaan
b.	adaptasi perubahan iklim
c.	kesiapsiagaan menghadapi gempa bumi
d.	Pertolongan pertama Bhd, Balut bidai, Stabilisasi dan Transportasi Penderita"
2024,2024-07-11,"KOTA ADM. JAKARTA TIMUR",CAKUNG,"PULO GEBANG","Kantor Kelurahan Pulo Gebang",1,40,"a.	Pengantar Kebencanaan
b.	adaptasi perubahan iklim
c.	kesiapsiagaan menghadapi gempa bumi
d.	Pertolongan pertama Bhd, Balut bidai, Stabilisasi dan Transportasi Penderita"
2024,2024-07-15,"KOTA ADM. JAKARTA TIMUR",CAKUNG,"UJUNG MENTENG","Kantor Kelurahan Ujung Menteng",1,40,"a.	Pengantar Kebencanaan
b.	adaptasi perubahan iklim
c.	kesiapsiagaan menghadapi gempa bumi
d.	Pertolongan pertama Bhd, Balut bidai, Stabilisasi dan Transportasi Penderita
"
2024,2024-07-04,"KOTA ADM. JAKARTA TIMUR","DUREN SAWIT","PONDOK BAMBU","RPTRA pondok bambu berseri",1,40,"a.	Pengantar Kebencanaan
b.	adaptasi perubahan iklim
c.	kesiapsiagaan menghadapi gempa bumi
d.	Pertolongan pertama Bhd, Balut bidai, Stabilisasi dan Transportasi Penderita"
2024,2024-06-26,"KOTA ADM. JAKARTA TIMUR",MAKASAR,"CIPINANG MELAYU","SMAN 81 Jakarta",1,40,"a.	Pengantar Kebencanaan
b.	adaptasi perubahan iklim
c.	kesiapsiagaan menghadapi gempa bumi
d.	Pertolongan pertama Bhd, Balut bidai, Stabilisasi dan Transportasi Penderita"
2024,2024-07-10,"KOTA ADM. JAKARTA TIMUR",MAKASAR,"PINANG RANTI","Kantor Kelurahan Pinang Ranti",1,40,"a.	Pengantar Kebencanaan
b.	adaptasi perubahan iklim
c.	kesiapsiagaan menghadapi gempa bumi
d.	Pertolongan pertama Bhd, Balut bidai, Stabilisasi dan Transportasi Penderita"
