periode_data,tanggal_mulai,tanggal_selesai,jam_kejadian,lokasi_bencana,kelurahan,kecamatan,wilayah,jenis_bencana,jumlah_korban_bencana,presentase_korban_bencana_yang_mendapatkan_bantuan_sosial,jenis_bantuan_yang_diberikan
202101,1/11/2021,1/11/2021,22:43,"Jl. Kebon sayur 1 Rt. 007,010 / 15","Bidara Cina",Jatinegara,"Jakarta Timur",KEBAKARAN,"15 KK 50 JIWA",100,"Natura, sandang dan logistik."
202101,1/11/2021,1/11/2021,23:23,"Jl. Balai rakyat Rt. 015 / 03","Tugu Selatan",Koja,"Jakarta Utara",KEBAKARAN,"1 KK 8 JIWA",100,"Natura, sandang dan logistik."
202101,1/13/2021,1/13/2021,12:30,"Jl. Kebembem 1b Rt. 007 / 07",Jagakarsa,Jagakarsa,"Jakarta Selatan",KEBAKARAN,"1 KK 4 JIWA",100,"Natura, sandang dan logistik."
202101,1/13/2021,1/13/2021,11:27,"Jl. Rasamala 7 Rt. 007 / 13","Menteng Dalam",Tebet,"Jakarta Selatan",KEBAKARAN,"1 KK 3 JIWA",100,"Natura, sandang dan logistik."
202101,1/22/2021,1/28/2021,11:40,"Jl. Citarum taman jati baru Rt. 017 / 01",Cideng,Gambir,"Jakarta Pusat",KEBAKARAN,"45 KK 250 JIWA",100,"Makanan siap saji, Natura, sandang dan logistik."
202102,03/02/2021,03/02/2021,7:00,Rorotan,Rorotan,Cilincing,"Jakarta Utara",BANJIR,"15 KK 50 JIWA",100,"Natura, sandang dan logistik."
202102,07/02/2021,07/02/2021,10:00,"Kembangan Utara","Kembangan Utara",Kembangan,"Jakarta Barat",BANJIR,"125 KK 500 JIWA",100,"Makanan siap saji, Natura, sandang dan logistik."
202102,07/02/2021,10/02/2021,10:28,Kamal,Kamal,Kalideres,"Jakarta Barat",BANJIR,"13 KK 50 JIWA",100,"Makanan siap saji, Natura, sandang dan logistik."
202102,07/02/2021,07/02/2021,15:19,"Duri Kosambi","Duri Kosambi",Cengkareng,"Jakarta Barat",BANJIR,"13 KK 50 JIWA",100,"Makanan siap saji, Natura, sandang dan logistik."
202102,07/02/2021,10/02/2021,17:36,Cawang,Cawang,"Kramat Jati","Jakarta Timur",BANJIR,"145 KK 386 JIWA",100,"Makanan siap saji, Natura, sandang dan logistik."
202102,07/02/2021,10/02/2021,17:36,Cililitan,Cililitan,"Kramat Jati","Jakarta Timur",BANJIR,"100 KK 500 JIWA",100,"Makanan siap saji, Natura, sandang dan logistik."
202102,07/02/2021,09/02/2021,18:40,"Bidara Cina","Bidara Cina",Jatinegara,"Jakarta Timur",BANJIR,"91 KK 360 JIWA",100,"Makanan siap saji, Natura, sandang dan logistik."
202102,08/02/2021,08/02/2021,6:10,Balekambang,Balekambang,"Kramat Jati","Jakarta Timur",BANJIR,"65 KK 257 JIWA",100,"Makanan siap saji, Natura, sandang dan logistik."
202102,08/02/2021,08/02/2021,6:10,"Kampung Melayu","Kampung Melayu",Jatinegara,"Jakarta Timur",BANJIR,"176 KK 506 JIWA",100,"Makanan siap saji, Natura, sandang dan logistik."
202102,08/02/2021,08/02/2021,6:10,"Kebon Manggis","Kebon Manggis",Matraman,"Jakarta Timur",BANJIR,"75 KK 300 JIWA",100,"Makanan siap saji, Natura, sandang dan logistik."
202102,16/02/2021,16/02/2021,13:40,"Kedoya Utara","Kedoya Utara","Kebon Jeruk","Jakarta Barat",BANJIR,"156 KK 630 JIWA",100,"Makanan siap saji, Natura, sandang dan logistik."
202102,16/02/2021,16/02/2021,13:40,"Kembangan Utara","Kembangan Utara",Kembangan,"Jakarta Barat",BANJIR,"13 KK 50 JIWA",100,"Makanan siap saji, Natura, sandang dan logistik."
202102,16/02/2021,16/02/2021,13:40,Rawabuaya,Rawabuaya,Cengkareng,"Jakarta Barat",BANJIR,"176 KK 500 JIWA",100,"Makanan siap saji, Natura, sandang dan logistik."
202102,16/02/2021,16/02/2021,13:40,"Duri Kosambi","Duri Kosambi",Cengkareng,"Jakarta Barat",BANJIR,"30 KK 120 JIWA",100,"Makanan siap saji, Natura, sandang dan logistik."
202102,17/02/2021,17/02/2021,7:00,"Tegal Alur","Tegal Alur",Kalideres,"Jakarta Barat",BANJIR,"33 KK 130 JIWA",100,"Makanan siap saji, Natura, sandang dan logistik."
202102,17/02/2021,19/02/2021,16:10,"Jl. Batu Ampar RT 013 / 4","Batu Ampar","Kramat Jati","Jakarta Timur",KEBAKARAN,"4 KK 15 JIWA",100,"Makanan siap saji, Natura, sandang dan logistik."
202102,19/02/2021,22/02/2021,13:00,"Kedoya Utara","Kedoya Utara","Kebon Jeruk","Jakarta Barat",BANJIR,"375 KK 1500 JIWA",100,"Makanan siap saji, Natura, sandang dan logistik."
202102,19/02/2021,22/02/2021,7:40,"Cipinang Melayu","Cipinang Melayu",Makasar,"Jakarta Timur",BANJIR,"250 KK 1200 JIWA",100,"Makanan siap saji, Natura, sandang dan logistik."
202102,19/02/2021,22/02/2021,7:40,"Cipinang Muara","Cipinang Muara",Jatinegara,"Jakarta Timur",BANJIR,"58 KK 230 JIWA",100,"Makanan siap saji, Natura, sandang dan logistik."
202102,19/02/2021,22/02/2021,7:40,Cawang,Cawang,"Kramat Jati","Jakarta Timur",BANJIR,"100 KK 400 JIWA",100,"Makanan siap saji, Natura, sandang dan logistik."
202102,19/02/2021,21/02/2021,7:40,Cililitan,Cililitan,"Kramat Jati","Jakarta Timur",BANJIR,"75 KK 300 JIWA",100,"Makanan siap saji, Natura, sandang dan logistik."
202102,19/02/2021,21/02/2021,8:50,"Pondok Bambu","Pondok Bambu","Duren Sawit","Jakarta Timur",BANJIR,"25 KK 100 JIWA",100,"Makanan siap saji, Natura, sandang dan logistik."
202102,19/02/2021,20/02/2021,8:50,"Kampung Rambutan","Kampung Rambutan",Ciracas,"Jakarta Timur",BANJIR,"38 KK 150 JIWA",100,"Makanan siap saji, Natura, sandang dan logistik."
202102,19/02/2021,19/02/2021,8:50,"Pondok Kelapa","Pondok Kelapa","Duren Sawit","Jakarta Timur",BANJIR,"38 KK 150 JIWA",100,"Makanan siap saji, Natura, sandang dan logistik."
202102,19/02/2021,21/02/2021,8:50,"Cipinang Besar","Cipinang Besar Selatan",Jatinegara,"Jakarta Timur",BANJIR,"100 KK 400 JIWA",100,"Makanan siap saji, Natura, sandang dan logistik."
202102,19/02/2021,21/02/2021,16:00,"Pinang Ranti","Pinang Ranti",Makasar,"Jakarta Timur",BANJIR,"38 KK 150 JIWA",100,"Makanan siap saji, Natura, sandang dan logistik."
202102,19/02/2021,20/02/2021,16:00,"Lubang Buaya","Lubang Buaya",Cipayung,"Jakarta Timur",BANJIR,"63 KK 250 JIWA",100,"Makanan siap saji, Natura, sandang dan logistik."
202102,19/02/2021,19/02/2021,16:00,Rawaterate,Rawaterate,Cakung,"Jakarta Timur",BANJIR,"10 KK 40 JIWA",100,"Makanan siap saji, Natura, sandang dan logistik."
202102,19/02/2021,22/02/2021,16:00,Makasar,Makasar,Makasar,"Jakarta Timur",BANJIR,"125 KK 500 JIWA",100,"Makanan siap saji, Natura, sandang dan logistik."
202102,19/02/2021,21/02/2021,16:00,"Kebon Pala","Kebon Pala",Makasar,"Jakarta Timur",BANJIR,"50 KK 200 JIWA",100,"Makanan siap saji, Natura, sandang dan logistik."
202102,19/02/2021,21/02/2021,16:00,"Bidara Cina","Bidara Cina",Jatinegara,"Jakarta Timur",BANJIR,"75 KK 300 JIWA",100,"Makanan siap saji, Natura, sandang dan logistik."
202102,19/02/2021,20/02/2021,16:00,Balekambang,Balekambang,"Kramat Jati","Jakarta Timur",BANJIR,"75 KK 300 JIWA",100,"Makanan siap saji, Natura, sandang dan logistik."
202102,19/02/2021,22/02/2021,16:00,"Kampung Melayu","Kampung Melayu",Jatinegara,"Jakarta Timur",BANJIR,"50 KK 200 JIWA",100,"Makanan siap saji, Natura, sandang dan logistik."
202102,20/02/2021,20/02/2021,9:00,Cawang,Cawang,"Kramat Jati","Jakarta Timur",BANJIR,"125 KK 500 JIWA",100,"Makanan siap saji, Natura, sandang dan logistik."
202102,20/02/2021,20/02/2021,9:00,"Batu Ampar","Batu Ampar","Kramat Jati","Jakarta Timur",BANJIR,"125 KK 500 JIWA",100,"Makanan siap saji, Natura, sandang dan logistik."
202102,20/02/2021,20/02/2021,9:00,Ciracas,Ciracas,Ciracas,"Jakarta Timur",BANJIR,"138 KK 550 JIWA",100,"Makanan siap saji, Natura, sandang dan logistik."
202102,20/02/2021,21/02/2021,9:00,Bintaro,Bintaro,Pesanggrahan,"Jakarta Selatan",BANJIR,"63 KK 250 JIWA",100,"Makanan siap saji, Natura, sandang dan logistik."
202102,20/02/2021,21/02/2021,9:00,Dukuh,Dukuh,"Kramat Jati","Jakarta Timur",BANJIR,"150 KK 750 JIWA",100,"Makanan siap saji, Natura, sandang dan logistik."
202102,20/02/2021,20/02/2021,9:19,Setu,Setu,Cipayung,"Jakarta Timur",BANJIR,"63 KK 250 JIWA",100,"Makanan siap saji, Natura, sandang dan logistik."
202102,20/02/2021,20/02/2021,9:19,Cibubur,Cibubur,Ciracas,"Jakarta Timur",BANJIR,"100 KK 500 JIWA",100,"Makanan siap saji, Natura, sandang dan logistik."
202102,20/02/2021,20/02/2021,9:19,Susukan,Susukan,Ciracas,"Jakarta Timur",BANJIR,"140 KK 700 JIWA",100,"Makanan siap saji, Natura, sandang dan logistik."
202102,20/02/2021,20/02/2021,9:19,"Kebon Manggis","Kebon Manggis",Matraman,"Jakarta Timur",BANJIR,"60 KK 300 JIWA",100,"Makanan siap saji, Natura, sandang dan logistik."
202102,20/02/2021,20/02/2021,9:19,"Bambu Apus","Bambu Apus",Cipayung,"Jakarta Timur",BANJIR,"70 KK 350 JIWA",100,"Makanan siap saji, Natura, sandang dan logistik."
202102,20/02/2021,20/02/2021,9:19,Pekayon,Pekayon,"Pasar Rebo","Jakarta Timur",BANJIR,"140 KK 700 JIWA",100,"Makanan siap saji, Natura, sandang dan logistik."
202102,20/02/2021,20/02/2021,9:19,Cijantung,Cijantung,"Pasar Rebo","Jakarta Timur",BANJIR,"80 KK 400 JIWA",100,"Makanan siap saji, Natura, sandang dan logistik."
202102,20/02/2021,21/02/2021,9:19,"Halim Perdanakusuma","Halim Perdanakusuma",Makasar,"Jakarta Timur",BANJIR,"90 KK 450 JIWA",100,"Makanan siap saji, Natura, sandang dan logistik."
202102,20/02/2021,21/02/2021,9:19,"Kramat Jati","Kramat Jati","Kramat Jati","Jakarta Timur",BANJIR,"100 KK 500 JIWA",100,"Makanan siap saji, Natura, sandang dan logistik."
202102,20/02/2021,20/02/2021,9:19,Baru,Baru,"Pasar Rebo","Jakarta Timur",BANJIR,"100 KK 500 JIWA",100,"Makanan siap saji, Natura, sandang dan logistik."
202102,20/02/2021,20/02/2021,12:06,"Kuningan Barat","Kuningan Barat","Mampang Prapatan","Jakarta Selatan",BANJIR,"212 KK 866 JIWA",100,"Makanan siap saji, Natura, sandang dan logistik."
202102,20/02/2021,20/02/2021,15:16,"Tegal Parang","Tegal Parang","Mampang Prapatan","Jakarta Selatan",BANJIR,"25 KK 100 JIWA",100,"Makanan siap saji, Natura, sandang dan logistik."
202102,20/02/2021,21/02/2021,15:16,Ragunan,Ragunan,"Pasar Minggu","Jakarta Selatan",BANJIR,"2178 KK 5862 JIWA",100,"Makanan siap saji, Natura, sandang dan logistik."
202102,20/02/2021,20/02/2021,15:16,Kebagusan,Kebagusan,"Pasar Minggu","Jakarta Selatan",BANJIR,"7 KK 25 JIWA",100,"Makanan siap saji, Natura, sandang dan logistik."
202102,20/02/2021,20/02/2021,15:16,"Pondok Labu","Pondok Labu",Cilandak,"Jakarta Selatan",BANJIR,"90 KK 189 JIWA",100,"Makanan siap saji, Natura, sandang dan logistik."
202102,20/02/2021,20/02/2021,15:16,Rawajati,Rawajati,Pancoran,"Jakarta Selatan",BANJIR,"308 KK 1000 JIWA",100,"Makanan siap saji, Natura, sandang dan logistik."
202102,20/02/2021,20/02/2021,15:16,"Cipete Selatan","Cipete Selatan","Kebayoran Baru","Jakarta Selatan",BANJIR,"344 KK 1048 JIWA",100,"Makanan siap saji, Natura, sandang dan logistik."
202102,20/02/2021,21/02/2021,15:16,Manggarai,Manggarai,Tebet,"Jakarta Selatan",BANJIR,"25 KK 500 JIWA",100,"Makanan siap saji, Natura, sandang dan logistik."
202102,20/02/2021,21/02/2021,15:16,Selong,Selong,Kebayoran,"Jakarta Selatan",BANJIR,"50 KK 250 JIWA",100,"Makanan siap saji, Natura, sandang dan logistik."
202102,20/02/2021,20/02/2021,15:16,Gunung,Gunung,Kebayoran,"Jakarta Selatan",BANJIR,"23 KK 90 JIWA",100,"Makanan siap saji, Natura, sandang dan logistik."
202102,20/02/2021,21/02/2021,15:16,"Karet Semanggi","Karet Semanggi",Setiabudi,"Jakarta Selatan",BANJIR,"75 KK 300 JIWA",100,"Makanan siap saji, Natura, sandang dan logistik."
202102,20/02/2021,20/02/2021,15:16,Petogogan,Petogogan,"Kebayoran Baru","Jakarta Selatan",BANJIR,"50 KK 250 JIWA",100,"Makanan siap saji, Natura, sandang dan logistik."
202102,20/02/2021,21/02/2021,15:16,Cipulir,Cipulir,"Kebayoran Lama","Jakarta Selatan",BANJIR,"81 KK 406 JIWA",100,"Makanan siap saji, Natura, sandang dan logistik."
202102,20/02/2021,21/02/2021,15:16,Jagakarsa,Jagakarsa,Jagakarsa,"Jakarta Selatan",BANJIR,"130 KK 650 JIWA",100,"Makanan siap saji, Natura, sandang dan logistik."
202102,20/02/2021,21/02/2021,15:16,"Kebon Baru","Kebon Baru",Tebet,"Jakarta Selatan",BANJIR,"125 KK 500 JIWA",100,"Makanan siap saji, Natura, sandang dan logistik."
202102,20/02/2021,20/02/2021,15:16,"Gandaria Selatan","Gandaria Selatan",Cilandak,"Jakarta Selatan",BANJIR,"100 KK 500 JIWA",100,"Makanan siap saji, Natura, sandang dan logistik."
202102,20/02/2021,20/02/2021,15:16,Rawabarat,Rawabarat,"Kebayoran Baru","Jakarta Selatan",BANJIR,"140 KK 700 JIWA",100,"Makanan siap saji, Natura, sandang dan logistik."
202102,20/02/2021,20/02/2021,15:16,"Pejaten Barat","Pejaten Barat","Pasar Minggu","Jakarta Selatan",BANJIR,"223 KK 1116 JIWA",100,"Makanan siap saji, Natura, sandang dan logistik."
202102,20/02/2021,20/02/2021,15:16,"Pasar Minggu","Pasar Minggu","Pasar Minggu","Jakarta Selatan",BANJIR,"16 KK 80 JIWA",100,"Makanan siap saji, Natura, sandang dan logistik."
202102,20/02/2021,22/02/2021,15:30,"Kedoya Selatan","Kedoya Selatan","Kebon Jeruk","Jakarta Barat",BANJIR,"125 KK 500 JIWA",100,"Makanan siap saji, Natura, sandang dan logistik."
202102,20/02/2021,21/02/2021,15:30,"Kembangan Selatan","Kembangan Selatan",Kembangan,"Jakarta Barat",BANJIR,"100 KK 400 JIWA",100,"Makanan siap saji, Natura, sandang dan logistik."
202102,20/02/2021,22/02/2021,15:30,"Duri Kosambi","Duri Kosambi",Cengkareng,"Jakarta Barat",BANJIR,"250 KK 1000 JIWA",100,"Makanan siap saji, Natura, sandang dan logistik."
202102,20/02/2021,20/02/2021,15:30,Srengseng,Srengseng,Kembangan,"Jakarta Barat",BANJIR,"50 KK 200 JIWA",100,"Makanan siap saji, Natura, sandang dan logistik."
202102,20/02/2021,22/02/2021,15:37,"Kembangan Utara","Kembangan Utara",Kembangan,"Jakarta Barat",BANJIR,"140 KK 700 JIWA",100,"Makanan siap saji, Natura, sandang dan logistik."
202102,20/02/2021,20/02/2021,15:37,"Kedaung Kaliangke","Kedaung Kaliangke",Cengkareng,"Jakarta Barat",BANJIR,"63 KK 250 JIWA",100,"Makanan siap saji, Natura, sandang dan logistik."
202102,20/02/2021,21/02/2021,15:37,"Meruya Selatan","Meruya Selatan",Kembangan,"Jakarta Barat",BANJIR,"63 KK 250 JIWA",100,"Makanan siap saji, Natura, sandang dan logistik."
202102,20/02/2021,22/02/2021,15:37,Rawabuaya,Rawabuaya,Cengkareng,"Jakarta Barat",BANJIR,"200 KK 1000 JIWA",100,"Makanan siap saji, Natura, sandang dan logistik."
202102,20/02/2021,20/02/2021,15:37,"Kebon Jeruk","Kebon Jeruk","Kebon Jeruk","Jakarta Barat",BANJIR,"75 KK 300 JIWA",100,"Makanan siap saji, Natura, sandang dan logistik."
202102,20/02/2021,21/02/2021,17:04,"Karet Tengsin","Karet Tengsin","Tanah Abang","Jakarta Pusat",BANJIR,"188 KK 641 JIWA",100,"Makanan siap saji, Natura, sandang dan logistik."
202102,20/02/2021,20/02/2021,17:04,"Bendungan Hilir","Bendungan Hilir","Tanah Abang","Jakarta Pusat",BANJIR,"27 KK 110 JIWA",100,"Makanan siap saji, Natura, sandang dan logistik."
202102,20/02/2021,21/02/2021,19:00,"Kelapa Dua","Kelapa Dua Wetan",Ciracas,"Jakarta Timur",BANJIR,"104 KK 322 JIWA",100,"Makanan siap saji, Natura, sandang dan logistik."
202102,21/02/2021,21/02/2021,1:00,"Cipete Utara","Cipete Utara","Kebayoran Baru","Jakarta Selatan",BANJIR,"210 KK 1048 JIWA",100,"Makanan siap saji, Natura, sandang dan logistik."
202102,21/02/2021,21/02/2021,1:00,Jatipadang,Jatipadang,"Pasar Minggu","Jakarta Selatan",BANJIR,"100 KK 500 JIWA",100,"Makanan siap saji, Natura, sandang dan logistik."
202102,21/02/2021,21/02/2021,1:00,"Kramat Pela","Kramat Pela","Kebayoran Baru","Jakarta Selatan",BANJIR,"57 KK 283 JIWA",100,"Makanan siap saji, Natura, sandang dan logistik."
202102,21/02/2021,21/02/2021,1:00,Kalibata,Kalibata,Pesanggrahan,"Jakarta Selatan",BANJIR,"77 KK 387 JIWA",100,"Makanan siap saji, Natura, sandang dan logistik."
202102,25/02/2021,25/02/2021,5:10,"Jl. Inspeksi Perkembangan Barat Rt.003/5",Palmerah,Palmerah,"Jakarta Barat",KEBAKARAN,"1 KK 6 JIWA",100,"Makanan siap saji, Natura, sandang dan logistik."
202102,25/02/2021,28/02/2021,7:00,"Jl. Inspeksi Kali Sunter Rt.004/7","Kelapa Gading Barat","Kelapa Gading","Jakarta Utara",KEBAKARAN,"23 KK 83 JIWA",100,"Makanan siap saji, Natura, sandang dan logistik."
202102,26/02/2021,26/02/2021,0:00,"Jl. Akses Pemancingan Rawa Malang Rw. 02,10,11","Semper Timur",Cilincing,"Jakarta Utara","ANGIN PUTTING BELIUNG","62 KK 307 JIWA",100,"Makanan siap saji, Natura, sandang dan logistik."
202103,01/03/2021,01/03/2021,2:35,"Jl. Kh M. Naim 3 Rt. 04 / 09","Cipete Utara","Kebayoran Baru","Jakarta Selatan",KEBAKARAN,"17 KK 68 JIWA",100,"Makanan siap saji, Natura, sandang dan logistik."
202103,02/03/2021,02/03/2021,10:00,"Jl. Administrasi 1 Rt. 08 / 07","Bendung Hilir","Tanah Abang","Jakarta Pusat",KEBAKARAN,"42 KK 200 JIWA",100,"Makanan siap saji, Natura, sandang dan logistik."
202103,02/03/2021,02/03/2021,20:35,"Jl. Kayu Besar Rt. 01 / 08","Tegal Alur",Kalideres,"Jakarta Barat",KEBAKARAN,"4 KK 13 JIWA",100,"Natura, sandang dan logistik."
202103,03/03/2021,03/03/2021,3:48,"Jl. Rajiman Rt. 03 / 13",Jatinegara,Cakung,"Jakarta Timur",KEBAKARAN,"15 KK 90 JIWA",100,"Makanan siap saji, Natura, sandang dan logistik."
202103,09/03/2021,09/03/2021,10:20,"Jl. Komarudin Rt. 03 / 02","Cakung Timur",Cakung,"Jakarta Timur",KEBAKARAN,"7 KK 15 JIWA",100,"Natura, sandang dan logistik."
202103,10/03/2021,18/03/2021,17:18,"Jl. Dakota IV Rt. 05 / 08","Kebon Kosong",Kemayoran,"Jakarta Selatan",KEBAKARAN,"35 KK 150 JIWA",100,"Makanan siap saji, Natura, sandang dan logistik."
202103,11/03/2021,16/03/2021,14:18,"Jl. Mangga Besar 13 A Rt. 09 / 01",Madusela,"Sawah Besar","Jakarta Pusat",KEBAKARAN,"9 KK 50 JIWA",100,"Makanan siap saji, Natura, sandang dan logistik."
202103,13/03/2021,24/03/2021,5:30,"Jl. Kembang V Rt. 09 / 02",Kwitang,Senen,"Jakarta Pusat",KEBAKARAN,"67 KK 200 JIWA",100,"Makanan siap saji, Natura, sandang dan logistik."
202103,14/03/2021,14/03/2021,2:06,"Jl. Citarum Atas Rt. 018 / 01",Cideng,Gambir,"Jakarta Pusat",KEBAKARAN,"40 KK 150 JIWA",100,"Makanan siap saji, Natura, sandang dan logistik."
202103,18/03/2021,18/03/2021,12:27,"Jl. Pulo Harapan Indah Rt. 010 / 010","Cengkareng Barat",Cengkareng,"Jakarta Barat",KEBAKARAN,"15 KK 60 JIWA",100,"Natura, sandang dan logistik."
202103,21/03/2021,21/03/2021,22:10,"Rt. 01,07,14 / 01 - Rt 01 / 04",Pekayon,"Pasar Rebo","Jakarta Timur","ANGIN PUTTING BELIUNG","26 KK 89 JIWA",100,"Natura, sandang dan logistik."
202103,24/03/2021,24/03/2021,18:44,"Jl. Satria Rt. 09 / 02","Ujung Menteng","Pasar Rebo","Jakarta Timur","ANGIN PUTTING BELIUNG","3 KK 6 JIWA",100,"Natura, sandang dan logistik."
202103,25/03/2021,25/03/2021,13:35,"Jl. Kemuning Rt. 17 / 01",Rawabunga,Jatinegara,"Jakarta Timur",KEBAKARAN,"7 KK 30 JIWA",100,"Natura, sandang dan logistik."
202103,25/03/2021,25/03/2021,4:25,"Jl. Pisangan Baru 3 Rt. 03 / 06","Pisangan Baru","Kel. Pisangan Baru Kec. Matraman Jakarta Timur","Jakarta Timur",KEBAKARAN,"2 KK 10 JIWA",100,"Natura, sandang dan logistik."
202103,26/03/2021,26/03/2021,12:11,"Jl. Penegak 1 Rt. 05 / 01",Palmeriam,Matraman,"Jakarta Timur",KEBAKARAN,"23 KK 77 JIWA",100,"Natura, sandang dan logistik."
202104,12/04/2021,12/04/2021,22:40,"Jl. Cipulir Kebon Mangga 4 Rt.010 / 02",Cipulir,"Kebayoran Lama","Jakarta Selatan",KEBAKARAN,"6 KK 23 JIWA",100,"Makanan siap saji, Natura, sandang dan logistik."
202104,14/04/2021,14/04/2021,16:40,"Jl. Cipinang Bali Rt. 01,10,11,12,13,14 / 03, Rt. 01,02,03,04,05,07 / 04","Cipinang Melayu",Makasar,"Jakarta Timur",BANJIR,"27 KK 55 JIWA",100,"Makanan siap saji, Natura, sandang dan logistik."
202104,14/04/2021,14/04/2021,20:20,"Jl. Cipinang Bali IV Rt. 06,07,12 / 13","Cipinang Muara",Jatinegara,"Jakarta Timur",BANJIR,"57 KK 174 JIWA",100,"Makanan siap saji, Natura, sandang dan logistik."
202104,18/04/2021,18/04/2021,15:28,"Jl. Keadilan Dalam I Rt. 08 / 01-02",Keagungan,"Taman Sari","Jakarta Barat",KEBAKARAN,"250 KK 1000 JIWA",100,"Makanan siap saji, Natura, sandang dan logistik."
202104,21/04/2021,21/04/2021,1:15,"Jl. Anyar XVI Rt. 013 / 02",Menteng,Menteng,"Jakarta Pusat",KEBAKARAN,"2 KK 10 JIWA",100,"Natura, sandang dan logistik."
202104,22/04/2021,22/04/2021,19:18,"Jl. Brigjen Katamso Rt. 03 / 03","Kota Bambu Selatan",Palmerah,"Jakarta Barat",KEBAKARAN,"2 KK 5 JIWA",100,"Makanan siap saji, Natura, sandang dan logistik."
202104,28/04/2021,28/04/2021,18:17,"Jl. Cipinang Bali Rt. 01,10,11,12,13,14 / 03, Rt. 01,02,03,04,05,07 / 04","Cipinang Melayu",Makasar,"Jakarta Timur",BANJIR,"38 KK 150 JIWA",100,"Makanan siap saji, Natura, sandang dan logistik."
202104,28/04/2021,28/04/2021,20:20,"Jl. Cipinang Bali IV Rt. 06,07,12 / 13","Cipinang Muara",Jatinegara,"Jakarta Timur",BANJIR,"50 KK 200 JIWA",100,"Makanan siap saji, Natura, sandang dan logistik."
202105,15/05/2021,15/05/2021,23:45,"Jl. Manggarai Utara X Rt. 004 / 01",Manggarai,Tebet,"Jakarta Selatan",KEBAKARAN,"2 KK 5 JIWA",100,"Natura, sandang dan logistik."
202105,17/05/2021,17/05/2021,5:30,"Jl. Taman Harapan Rt. 04,07,15 / 03",Cawang,"Kramat Jati","Jakarta Timur",BANJIR,"60 KK 300 JIWA",100,"Makanan siap saji, Natura, sandang dan logistik."
202105,17/05/2021,17/05/2021,5:30,"Kelurahan Balekambang Kecamatan Kecamatan Kramat Jati Jakarta Timur",Balekambang,"Kramat Jati","Jakarta Timur",BANJIR,"40 KK 200 JIWA",100,"Makanan siap saji, Natura, sandang dan logistik."
202105,22/05/2021,22/05/2021,15:14,"Jl. Samudra V Rt. 005 / 14","Tanjung Priok","Tanjung Priok","Jakarta Utara",KEBAKARAN,"13 KK 36 JIWA",100,"Natura, sandang dan logistik."
202105,28/05/2021,28/05/2021,12:45,"Jl. Kebon Bawang 9 Rt. 015 / 01","Kebon Bawang","Tanjung Priok","Jakarta Utara",KEBAKARAN,"2 KK 8 JIWA",100,"Natura, sandang dan logistik."
202105,30/05/2021,30/05/2021,17:15,"Jl. Angke Indah Gg.3 Rt. 001 / 02",Angke,Tambora,"Jakarta Barat",KEBAKARAN,"1 KK 4 JIWA",100,"Natura, sandang dan logistik."
202106,07/06/2021,07/06/2021,10:12,"Jl. Timbul Jaya Rt. 010 / 04","Duri Kosambi",Cengkareng,"Jakarta Barat",KEBAKARAN,"2 KK 6 JIWA",100,"Natura, sandang dan logistik."
202106,07/06/2021,07/06/2021,20:12,"Jl. Manunggal 2 No.22 Rt. 011 / 06","Kp Rambutan",Ciracas,"Jakarta Timur",KEBAKARAN,"7 KK 30 JIWA",100,"Natura, sandang dan logistik."
202106,08/06/2021,08/06/2021,7:45,"Jl. Administrasi Negara I Rt. 008 / 07","Bendungan Hilir","Tanah Abang","Jakarta Pusat",KEBAKARAN,"3 KK 10 JIWA",100,"Natura, sandang dan logistik."
202106,08/06/2021,08/06/2021,20:53,"Jl. Pekapuran 3 Rt. 007 / 01","Tanah Sereal",Tambora,"Jakarta Barat",KEBAKARAN,"1 KK 4 JIWA",100,"Natura, sandang dan logistik."
202106,11/06/2021,11/06/2021,12:30,"Jl. Petojo Sabangan 3 Rt. 009 / 05","Petojo Selatan",Gambir,"Jakarta Pusat",KEBAKARAN,"2 KK 9 JIWA",100,"Natura, sandang dan logistik."
202106,11/06/2021,11/06/2021,23:24,"Jl. Sayur Asem Rt, 009 / 06",Joglo,Kembangan,"Jakarta Barat",KEBAKARAN,"4 KK 17 JIWA",100,"Natura, sandang dan logistik."
202106,16/06/2021,22/06/2021,14:00,"Jl. Pesanggrahan IV (Bongkaran) Rt. 009 / 12","Pademangan Timur",Pademangan,"Jakarta Utara",KEBAKARAN,"125 KK 500 JIWA",100,"Makanan siap saji, Natura, sandang dan logistik."
202106,24/06/2021,24/06/2021,13:18,"Jl. Batu Merah 1 Rt. 12 / 05","Batu Ampar","Kramat Jati","Jakarta Timur",KEBAKARAN,"6 KK 17 JIWA",100,"Natura, sandang dan logistik."
202106,25/06/2021,27/06/2021,4:08,"Jl. Pasar Inpres dalam Gg FF Rt. 015 / 03","Gandaria Utara","Kebayoran Baru","Jakarta Selatan",KEBAKARAN,"8 KK 50 JIWA",100,"Makanan siap saji, Natura, sandang dan logistik."
202106,27/06/2021,30/06/2021,6:00,"Jl. Garuda No.23 Rt. 007 / 04","Gunung Sahari Selatan",Kemayoran,"Jakarta Pusat",KEBAKARAN,"30 KK 120 JIWA",100,"Makanan siap saji, Natura, sandang dan logistik."
202107,12/07/2021,12/07/2021,17:55,"Jl. Nirbaya Rt.10 / 03","Pinang Ranti",Makasar,"Jakarta Timur",KEBAKARAN,"12 KK 30 JIWA",100,"Natura, sandang dan logistik."
202107,17/07/2021,24/07/2021,14:36,"Jl. Lindung Pasar Baru Rt. 01 / 02",Pejagalan,Penjaringan,"Jakarta Utara",KEBAKARAN,"272 KK 985 JIWA",100,"Makanan siap saji, Natura, sandang dan logistik."
202107,19/07/2021,24/07/2021,13:50,"Jl. Manggarai Utara 2 No.7 Rt. 011 / 01",Manggarai,Tebet,"Jakarta Selatan",KEBAKARAN,"11 KK 60 JIWA",100,"Makanan siap saji, Natura, sandang dan logistik."
202107,25/07/2021,26/07/2021,13:44,"Jl. Kebon Pala I No.78 Rt. 004 / 13","Kebon Melati","Tanah Abang","Jakarta Pusat",KEBAKARAN,"9 KK 27 JIWA",100,"Makanan siap saji, Natura, sandang dan logistik."
202107,31/07/2021,31/07/2021,11:40,"Jl. Karet Pasar Baru Rt. 011 / 07","Karet Tengsin","Tanah Abang","Jakarta Pusat",KEBAKARAN,"10 KK 50 JIWA",100,"Natura, sandang dan logistik."
