periode_data,triwulan,wilayah,jenis_bencana,jumlah_kejadian_bencana,jumlah_korban_meninggal,jumlah_korban_luka_luka
202403,1,"KOTA ADM. JAKARTA BARAT","Pohon Tumbang",30,0,1
202403,1,"KOTA ADM. JAKARTA BARAT",Banjir,64,0,0
202403,1,"KOTA ADM. JAKARTA PUSAT","Pohon Tumbang",18,0,0
202403,1,"KOTA ADM. JAKARTA SELATAN","Angin Kencang",2,0,0
202403,1,"KOTA ADM. JAKARTA SELATAN","Pohon Tumbang",73,0,3
202403,1,"KOTA ADM. JAKARTA SELATAN",Banjir,72,0,0
202403,1,"KOTA ADM. JAKARTA TIMUR","Pohon Tumbang",27,0,0
202403,1,"KOTA ADM. JAKARTA TIMUR",Banjir,55,0,0
202403,1,"KOTA ADM. JAKARTA UTARA","Pohon Tumbang",20,0,0
202403,1,"KOTA ADM. JAKARTA UTARA",Banjir,14,0,0
202406,2,"KAB. ADM. KEP. SERIBU","Angin Kencang",2,0,0
202406,2,"KAB. ADM. KEP. SERIBU","Pohon Tumbang",1,0,0
202406,2,"KOTA ADM. JAKARTA BARAT","Pohon Tumbang",8,0,1
202406,2,"KOTA ADM. JAKARTA BARAT",Banjir,11,0,0
202406,2,"KOTA ADM. JAKARTA PUSAT","Pohon Tumbang",4,0,0
202406,2,"KOTA ADM. JAKARTA SELATAN","Angin Kencang",2,0,0
202406,2,"KOTA ADM. JAKARTA SELATAN","Pohon Tumbang",19,0,0
202406,2,"KOTA ADM. JAKARTA SELATAN",Banjir,29,0,0
202406,2,"KOTA ADM. JAKARTA TIMUR","Angin Kencang",2,0,1
202406,2,"KOTA ADM. JAKARTA TIMUR","Pohon Tumbang",5,0,0
202406,2,"KOTA ADM. JAKARTA TIMUR",Banjir,27,0,0
202406,2,"KOTA ADM. JAKARTA UTARA",Banjir,38,0,0
202406,2,"KOTA ADM. JAKARTA UTARA","Pohon Tumbang",4,0,0
202409,3,"KOTA ADM. JAKARTA BARAT","Pohon Tumbang",23,0,1
202409,3,"KOTA ADM. JAKARTA BARAT",Banjir,17,0,0
202409,3,"KOTA ADM. JAKARTA PUSAT","Pohon Tumbang",9,0,0
202409,3,"KOTA ADM. JAKARTA SELATAN","Pohon Tumbang",32,0,0
202409,3,"KOTA ADM. JAKARTA SELATAN",Banjir,16,0,0
202409,3,"KOTA ADM. JAKARTA TIMUR","Angin Kencang",2,0,0
202409,3,"KOTA ADM. JAKARTA TIMUR","Pohon Tumbang",4,0,0
202409,3,"KOTA ADM. JAKARTA TIMUR",Banjir,16,0,0
202409,3,"KOTA ADM. JAKARTA UTARA","Pohon Tumbang",12,0,0
202409,3,"KOTA ADM. JAKARTA UTARA",Banjir,14,0,0
202412,4,"KAB. ADM. KEP. SERIBU","Pohon Tumbang",1,0,0
202412,4,"KAB. ADM. KEP. SERIBU",Banjir,12,0,0
202412,4,"KOTA ADM. JAKARTA BARAT","Pohon Tumbang",24,0,0
202412,4,"KOTA ADM. JAKARTA BARAT",Banjir,17,0,0
202412,4,"KOTA ADM. JAKARTA PUSAT","Pohon Tumbang",28,0,1
202412,4,"KOTA ADM. JAKARTA SELATAN","Angin Kencang",4,0,0
202412,4,"KOTA ADM. JAKARTA SELATAN","Pohon Tumbang",46,0,2
202412,4,"KOTA ADM. JAKARTA SELATAN",Banjir,35,0,0
202412,4,"KOTA ADM. JAKARTA TIMUR","Angin Kencang",1,0,0
202412,4,"KOTA ADM. JAKARTA TIMUR","Pohon Tumbang",30,0,2
202412,4,"KOTA ADM. JAKARTA TIMUR",Banjir,22,0,0
202412,4,"KOTA ADM. JAKARTA UTARA","Pohon Tumbang",17,0,0
202412,4,"KOTA ADM. JAKARTA UTARA",Banjir,41,0,0
202503,1,"KAB. ADM. KEP. SERIBU","Angin Kencang",1,0,0
202503,1,"KAB. ADM. KEP. SERIBU","Pohon Tumbang",1,0,0
202503,1,"KOTA ADM. JAKARTA BARAT","Pohon Tumbang",18,0,1
202503,1,"KOTA ADM. JAKARTA BARAT",Banjir,41,0,0
202503,1,"KOTA ADM. JAKARTA PUSAT","Pohon Tumbang",15,0,4
202503,1,"KOTA ADM. JAKARTA PUSAT",Banjir,2,0,0
202503,1,"KOTA ADM. JAKARTA SELATAN","Pohon Tumbang",9,0,1
202503,1,"KOTA ADM. JAKARTA SELATAN",Banjir,41,1,0
202503,1,"KOTA ADM. JAKARTA TIMUR","Angin Kencang",1,0,0
202503,1,"KOTA ADM. JAKARTA TIMUR","Pohon Tumbang",33,0,0
202503,1,"KOTA ADM. JAKARTA TIMUR",Banjir,37,0,0
202503,1,"KOTA ADM. JAKARTA UTARA","Angin Kencang",1,0,0
202503,1,"KOTA ADM. JAKARTA UTARA","Pohon Tumbang",18,0,2
202503,1,"KOTA ADM. JAKARTA UTARA",Banjir,27,0,0
202506,2,"KAB. ADM. KEP. SERIBU","Pohon Tumbang",3,0,0
202506,2,"KOTA ADM. JAKARTA BARAT","Angin Kencang",4,0,3
202506,2,"KOTA ADM. JAKARTA BARAT","Pohon Tumbang",19,0,0
202506,2,"KOTA ADM. JAKARTA BARAT",Banjir,18,0,0
202506,2,"KOTA ADM. JAKARTA PUSAT","Pohon Tumbang",1,0,0
202506,2,"KOTA ADM. JAKARTA SELATAN","Pohon Tumbang",21,0,4
202506,2,"KOTA ADM. JAKARTA SELATAN",Banjir,18,0,0
202506,2,"KOTA ADM. JAKARTA TIMUR","Angin Kencang",1,0,0
202506,2,"KOTA ADM. JAKARTA TIMUR","Pohon Tumbang",13,0,0
202506,2,"KOTA ADM. JAKARTA TIMUR",Banjir,16,0,0
202506,2,"KOTA ADM. JAKARTA UTARA","Pohon Tumbang",8,0,0
202506,2,"KOTA ADM. JAKARTA UTARA",Banjir,21,0,0
202509,3,"KAB. ADM. KEP. SERIBU","Pohon Tumbang",1,0,0
202509,3,"KOTA ADM. JAKARTA BARAT","Pohon Tumbang",23,0,3
202509,3,"KOTA ADM. JAKARTA BARAT",Banjir,38,0,0
202509,3,"KOTA ADM. JAKARTA PUSAT","Pohon Tumbang",7,0,0
202509,3,"KOTA ADM. JAKARTA PUSAT",Banjir,4,0,0
202509,3,"KOTA ADM. JAKARTA SELATAN","Pohon Tumbang",24,0,0
202509,3,"KOTA ADM. JAKARTA SELATAN",Banjir,63,0,0
202509,3,"KOTA ADM. JAKARTA TIMUR","Angin Kencang",1,0,0
202509,3,"KOTA ADM. JAKARTA TIMUR","Pohon Tumbang",21,0,1
202509,3,"KOTA ADM. JAKARTA TIMUR",Banjir,40,0,0
202509,3,"KOTA ADM. JAKARTA UTARA","Pohon Tumbang",3,0,0
202509,3,"KOTA ADM. JAKARTA UTARA",Banjir,19,0,0
202512,4,"KAB. ADM. KEP. SERIBU","Pohon Tumbang",1,0,0
202512,4,"KAB. ADM. KEP. SERIBU",Banjir,29,0,0
202512,4,"KOTA ADM. JAKARTA BARAT","Angin Kencang",1,0,0
202512,4,"KOTA ADM. JAKARTA BARAT","Pohon Tumbang",21,0,0
202512,4,"KOTA ADM. JAKARTA BARAT",Banjir,14,0,0
202512,4,"KOTA ADM. JAKARTA PUSAT","Pohon Tumbang",19,0,1
202512,4,"KOTA ADM. JAKARTA SELATAN","Pohon Tumbang",36,2,6
202512,4,"KOTA ADM. JAKARTA SELATAN",Banjir,38,0,0
202512,4,"KOTA ADM. JAKARTA TIMUR","Angin Kencang",2,0,0
202512,4,"KOTA ADM. JAKARTA TIMUR","Pohon Tumbang",33,0,0
202512,4,"KOTA ADM. JAKARTA TIMUR",Banjir,17,0,0
202512,4,"KOTA ADM. JAKARTA UTARA",Banjir,12,0,0
202512,4,"KOTA ADM. JAKARTA UTARA","Pohon Tumbang",9,0,0
202603,1,"KAB. ADM. KEP. SERIBU",BANJIR,3,0,0
202603,1,"KAB. ADM. KEP. SERIBU","POHON TUMBANG",3,0,0
202603,1,"KOTA ADM. JAKARTA BARAT",BANJIR,63,0,0
202603,1,"KOTA ADM. JAKARTA BARAT","POHON TUMBANG",12,0,1
202603,1,"KOTA ADM. JAKARTA PUSAT",BANJIR,6,0,0
202603,1,"KOTA ADM. JAKARTA PUSAT","POHON TUMBANG",6,0,2
202603,1,"KOTA ADM. JAKARTA SELATAN",BANJIR,81,0,0
202603,1,"KOTA ADM. JAKARTA SELATAN","POHON TUMBANG",20,1,3
202603,1,"KOTA ADM. JAKARTA SELATAN","ANGIN KENCANG",1,0,0
202603,1,"KOTA ADM. JAKARTA TIMUR",BANJIR,61,0,0
202603,1,"KOTA ADM. JAKARTA TIMUR","POHON TUMBANG",9,0,0
202603,1,"KOTA ADM. JAKARTA UTARA",BANJIR,26,0,0
202603,1,"KOTA ADM. JAKARTA UTARA","POHON TUMBANG",21,0,1
202603,1,"KOTA ADM. JAKARTA UTARA","ANGIN KENCANG",4,0,0
202606,2,"KAB. ADM. KEP. SERIBU","POHON TUMBANG",3,0,0
202606,2,"KOTA ADM. JAKARTA BARAT",BANJIR,17,0,0
202606,2,"KOTA ADM. JAKARTA BARAT","POHON TUMBANG",8,0,1
202606,2,"KOTA ADM. JAKARTA BARAT","ANGIN KENCANG",1,0,0
202606,2,"KOTA ADM. JAKARTA PUSAT","POHON TUMBANG",1,0,0
202606,2,"KOTA ADM. JAKARTA SELATAN",BANJIR,57,0,0
202606,2,"KOTA ADM. JAKARTA SELATAN","POHON TUMBANG",13,0,0
202606,2,"KOTA ADM. JAKARTA TIMUR",BANJIR,35,0,0
202606,2,"KOTA ADM. JAKARTA TIMUR","POHON TUMBANG",14,0,0
202606,2,"KOTA ADM. JAKARTA UTARA","POHON TUMBANG",4,0,0
