periode_data,triwulan,persentase,keterangan
202403,1,100,"tidak terjadi bencana"
202406,2,100,"Bantuan Sosial untuk tiga rumah yang terkena Angin Puting Beliung di Kelurahan Pulau Kelapa, Kecamatan Kepulauan Seribu Utara"
202409,3,100,"tidak terjadi bencana"
202412,4,100,"penyaluran 800 bantuan pangan dan 60 bantuan sandang kepada korban banjir rob di wilayah Kabupaten Administrasi Kepulauan Seribu"
202503,1,100,"Penyaluran 11 Bantuan Sandang kepada Korban Angin Puting Beliung di Pulau Payung, Kelurahan Pulau Tidung, Kabupaten Administrasi Kepulauan Seribu"
202506,2,100,"Penyaluran 1 Bantuan Sandang kepada Korban Angin Puting Beliung di Pulau Tidung, Kelurahan Pulau Tidung, Kabupaten Administrasi Kepulauan Seribu"
202509,3,100,"Tidak Terjadi Bencana di Kabupaten Administrasi Kepulauan Seribu"
202512,4,100,"TELAH TERSALURKAN SEBANYAK 1.344 PAKET BANTUAN SEMBAKO NATURA UNTUK KORBAN BANJIR ROB DI SELURUH WILAYAH KABUPATEN ADMINISTRASI KEPULAUAN SERIBU"
202603,1,100,"TIDAK TERJADI BENCANA DI SELURUH WILAYAH KABUPATEN ADMINISTRASI KEPULAUAN SERIBU"
202606,2,100,"TELAH TERSALURKAN 6 PAKET BANTUAN SANDANG UNTUK KORBAN KEBAKARAN DI PULAU PARI BULAN MEI 2026 "
