periode_data,jenis_kejadian,jumlah,jenis_kerusakan,jumlah_kerusakan,jenis_korban,jumlah_korban,tahun,bulan,wilayah
2019,KEBAKARAN,1," RUMAH ",3," KK ",7,2019,06,"KOTA ADM JAKARTA PUSAT"
2019,KEBAKARAN,4," RUMAH ",20," KK ",2.703,2019,06,"KOTA ADM JAKARTA SELATAN"
2019,KEBAKARAN,4," RUMAH ",21," KK ",586,2019,06,"KOTA ADM JAKARTA TIMUR"
2019,KEBAKARAN,6," RUMAH ",591," KK ",1.152,2019,06,"KOTA ADM JAKARTA BARAT"
2019,KEBAKARAN,8," RUMAH ",140," KK ",152,2019,06,"KOTA ADM JAKARTA UTARA"
2019,KEBAKARAN," - "," RUMAH ",-," KK ",-,2019,06,"KEPULAUAN SERIBU"
2019," BANJIR ",-," RUMAH ",3," KK ",7,2019,06,"KOTA ADM JAKARTA PUSAT"
2019," BANJIR ",10," RUMAH ",20," KK ",2.703,2019,06,"KOTA ADM JAKARTA SELATAN"
2019," BANJIR ",4," RUMAH ",21," KK ",586,2019,06,"KOTA ADM JAKARTA TIMUR"
2019," BANJIR ",kosong," RUMAH ",591," KK ",1.152,2019,06,"KOTA ADM JAKARTA BARAT"
2019," BANJIR ",-," RUMAH ",140," KK ",152,2019,06,"KOTA ADM JAKARTA UTARA"
2019," BANJIR ",-," RUMAH ",-," KK ",-,2019,06,"KEPULAUAN SERIBU"
2019,"ANGIN PUTING BELIUNG"," - "," RUMAH ",3," KK ",7,2019,06,"KEPULAUAN SERIBU"
2019,"ANGIN PUTING BELIUNG"," - "," RUMAH ",20," KK ",2.703,2019,06,"KOTA ADM JAKARTA PUSAT"
2019,"ANGIN PUTING BELIUNG"," - "," RUMAH ",21," KK ",586,2019,06,"KOTA ADM JAKARTA SELATAN"
2019,"ANGIN PUTING BELIUNG"," - "," RUMAH ",591," KK ",1.152,2019,06,"KOTA ADM JAKARTA TIMUR"
2019,"ANGIN PUTING BELIUNG",1," RUMAH ",140," KK ",152,2019,06,"KOTA ADM JAKARTA BARAT"
2019,"ANGIN PUTING BELIUNG",-," RUMAH ",-," KK ",-,2019,06,"KOTA ADM JAKARTA UTARA"
2019,KEBAKARAN,10,Rumah,10,"138 KK","550 Jiwa",2019,12,"KOTA ADM JAKARTA PUSAT"
2019,KEBAKARAN,16,Rumah,16,"352 KK","1284 Jiwa",2019,12,"KOTA ADM JAKARTA SELATAN"
2019,KEBAKARAN,14,Rumah,14,"418 KK","1571 Jiwa",2019,12,"KOTA ADM JAKARTA TIMUR"
2019,KEBAKARAN,18,Rumah,18,"407 KK","1771 Jiwa",2019,12,"KOTA ADM JAKARTA BARAT"
2019,KEBAKARAN,19,Rumah,19,"291 KK","1076 ",2019,12,"KOTA ADM JAKARTA UTARA"
2019,KEBAKARAN,,Rumah,," "," ",2019,12,"KEPULAUAN SERIBU"
2019," BANJIR ",,Rumah,," "," ",2019,12,"KOTA ADM JAKARTA PUSAT"
2019," BANJIR ",,Rumah,," "," ",2019,12,"KOTA ADM JAKARTA SELATAN"
2019," BANJIR ",,Rumah,," "," ",2019,12,"KOTA ADM JAKARTA TIMUR"
2019," BANJIR ",,Rumah,," "," ",2019,12,"KOTA ADM JAKARTA BARAT"
2019," BANJIR ",,Rumah,," "," ",2019,12,"KOTA ADM JAKARTA UTARA"
2019," BANJIR ",,Rumah,," "," ",2019,12,"KEPULAUAN SERIBU"
2019,"RUMAH RUBUH","  ",Rumah,1,"138 KK","550 Jiwa",2019,12,"KOTA ADM JAKARTA PUSAT"
2019,"RUMAH RUBUH",1,Rumah,1,"352 KK","1284 Jiwa",2019,12,"KOTA ADM JAKARTA SELATAN"
2019,"RUMAH RUBUH",1,Rumah,1,"418 KK","1571 Jiwa",2019,12,"KOTA ADM JAKARTA TIMUR"
2019,"RUMAH RUBUH","  ",Rumah,1,"407 KK","1771 Jiwa",2019,12,"KOTA ADM JAKARTA BARAT"
2019,"RUMAH RUBUH","  ",Rumah,1,"291 KK","1076 Jiwa",2019,12,"KOTA ADM JAKARTA UTARA"
2019,"RUMAH RUBUH","  ",Rumah,"  "," "," ",2019,12,"KEPULAUAN SERIBU"
