periode_data,wilayah,jenis_bencana,jenis_infrastruktur,jumlah
2025,"KAB. ADM. KEP. SERIBU","KEJADIAN LUAR BIASA","RUMAH IBADAH (MAJLIS TALIM AT-TAUBAH PULAU PANGGANG)",1
2025,"KOTA ADM. JAKARTA BARAT",KEBAKARAN,"FASILITAS UMUM (BANGUNAN SEKOLAH TK RA. QURROTA AYUN ( LT. 2 RUANGAN TEMPAT TINGGAL PEMILIK ))",1
2025,"KOTA ADM. JAKARTA BARAT",KEBAKARAN,"FASILITAS UMUM (SEKOLAH (RUANG LABORATORIUM))",1
2025,"KOTA ADM. JAKARTA BARAT","POHON TUMBANG","FASILITAS UMUM (AKSES JALAN)",3
2025,"KOTA ADM. JAKARTA BARAT","POHON TUMBANG","FASILITAS UMUM (AKSES JALAN TERGANGGU)",1
2025,"KOTA ADM. JAKARTA BARAT","POHON TUMBANG","FASILITAS UMUM (ATAP SEKOLAH)",1
2025,"KOTA ADM. JAKARTA BARAT","POHON TUMBANG","FASILITAS UMUM (RUAS JALAN)",1
2025,"KOTA ADM. JAKARTA BARAT","TANAH LONGSOR","FASILITAS UMUM (JALAN YANG RUSAK)",1
2025,"KOTA ADM. JAKARTA BARAT","KEJADIAN LUAR BIASA","FASILITAS UMUM (TEMBOK SEKOLAH)",1
2025,"KOTA ADM. JAKARTA PUSAT",KEBAKARAN,"FASILITAS UMUM (SEKOLAH SMPN 216)",1
2025,"KOTA ADM. JAKARTA PUSAT","POHON TUMBANG","FASILITAS UMUM (RUAS JALAN)",2
2025,"KOTA ADM. JAKARTA SELATAN",KEBAKARAN,"FASILITAS UMUM (GEDUNG SEKOLAH (RUANG LAB ELEKTRO & RUANG LAB KOMPUTER))",1
2025,"KOTA ADM. JAKARTA SELATAN",KEBAKARAN,"RUMAH IBADAH (AULA MASJID AL KAROMAH)",1
2025,"KOTA ADM. JAKARTA SELATAN","POHON TUMBANG","FASILITAS UMUM (AKSES JALAN)",5
2025,"KOTA ADM. JAKARTA SELATAN","TANAH LONGSOR","FASILITAS UMUM (AKSES JALAN WARGA)",1
2025,"KOTA ADM. JAKARTA SELATAN","TANAH LONGSOR","FASILITAS UMUM (JALAN UMUM)",1
2025,"KOTA ADM. JAKARTA SELATAN","TANAH LONGSOR","RUMAH IBADAH (MUSHOLA)",1
2025,"KOTA ADM. JAKARTA TIMUR",KEBAKARAN,"FASILITAS UMUM (KANTIN SEKOLAH SMP 188)",1
2025,"KOTA ADM. JAKARTA TIMUR",KEBAKARAN,"RUMAH IBADAH (BANGUNAN MASJID SEKOLAH)",1
2025,"KOTA ADM. JAKARTA TIMUR","POHON TUMBANG","FASILITAS UMUM (AKSES JALAN)",1
2025,"KOTA ADM. JAKARTA TIMUR","POHON TUMBANG","FASILITAS UMUM (AKSES JALAN SEMPAT TERGANGGU)",1
2025,"KOTA ADM. JAKARTA TIMUR","POHON TUMBANG","FASILITAS UMUM (ATAP SEKOLAH)",1
2025,"KOTA ADM. JAKARTA TIMUR","ANGIN KENCANG","FASILITAS UMUM (KANOPI & AKSES JALAN TOL)",1
2025,"KOTA ADM. JAKARTA TIMUR","TANAH LONGSOR","FASILITAS UMUM (AKSES JALAN)",1
2025,"KOTA ADM. JAKARTA UTARA",KEBAKARAN,"RUMAH IBADAH (MUSHOLA)",1
2025,"KOTA ADM. JAKARTA UTARA","POHON TUMBANG","FASILITAS UMUM (AKSES JALAN)",1
2025,"KOTA ADM. JAKARTA UTARA","POHON TUMBANG","FASILITAS UMUM (AKSES JALAN TERGANGGU)",1
2025,"KOTA ADM. JAKARTA UTARA","POHON TUMBANG","FASILITAS UMUM (KABEL PLN DAN AKSES JALAN)",1
2025,"KOTA ADM. JAKARTA UTARA","KEJADIAN LUAR BIASA","FASILITAS UMUM (BANGUNAN SEKOLAH)",1
