periode_data,wilayah,jenis_bencana,jumlah_pengungsi
2024,"KOTA ADM. JAKARTA BARAT",Banjir,1213
2024,"KOTA ADM. JAKARTA BARAT",Kebakaran,1881
2024,"KOTA ADM. JAKARTA BARAT","Kejadian Luar Biasa",12
2024,"KOTA ADM. JAKARTA PUSAT",Kebakaran,2037
2024,"KOTA ADM. JAKARTA SELATAN",Banjir,294
2024,"KOTA ADM. JAKARTA SELATAN",Kebakaran,3342
2024,"KOTA ADM. JAKARTA SELATAN","Tanah Longsor",30
2024,"KOTA ADM. JAKARTA SELATAN","Kejadian Luar Biasa",7
2024,"KOTA ADM. JAKARTA TIMUR",Banjir,339
2024,"KOTA ADM. JAKARTA TIMUR",Kebakaran,667
2024,"KOTA ADM. JAKARTA UTARA",Banjir,122
2024,"KOTA ADM. JAKARTA UTARA",Kebakaran,688
