periode_data,nama_kabupaten_kota,tahun,rusak_berat,rusak_sedang,rusak__ringan,terendam
2020,"Kepulauan Seribu",2020,0,0,0,0
2020,"Kota Jakarta Selatan",2020,0,303,0,0
2020,"Kota Jakarta Timur",2020,0,6,0,0
2020,"Kota Jakarta Pusat",2020,0,0,0,0
2020,"Kota Jakarta Barat",2020,0,0,1,0
2020,"Kota Jakarta Utara",2020,0,0,149,0
2019,"Kepulauan Seribu",2019,0,0,0,0
2019,"Kota Jakarta Selatan",2019,0,0,1,0
2019,"Kota Jakarta Timur",2019,0,1,0,0
2019,"Kota Jakarta Pusat",2019,0,0,0,0
2019,"Kota Jakarta Barat",2019,0,0,0,0
2019,"Kota Jakarta Utara",2019,0,0,0,0
2018,"Kepulauan Seribu",2018,46,34,66,0
2018,"Kota Jakarta Selatan",2018,2,0,4,477
2018,"Kota Jakarta Timur",2018,2,0,2,653
2018,"Kota Jakarta Pusat",2018,0,0,4,0
2018,"Kota Jakarta Barat",2018,0,3,30,0
2018,"Kota Jakarta Utara",2018,3,0,10,100
