periode_data,triwulan,bulan,wilayah,jumlah_kejadian,penyebab_bencana,jumlah_sarana_rusak,jumlah_korban_meninggal,jumlah_korban_luka,jumlah_pengungsi,jumlah_nilai_kerugian
202403,1,1,"JAKARTA BARAT",36,"26 Korsleting Listrik, 10 Gas, 0 Pembakaran Sampah, 0 Lilin, 0 Lainnya","141 Rumah Tinggal, 5 Semi Permanen, 0 Gedung, 1 Gudang, 3 Kios/Ruko, 0 Lainnya",0,24,333,31093000000
202403,1,1,"JAKARTA PUSAT",10,"9 Korsleting Listrik, 1 Gas, 0 Pembakaran Sampah, 0 Lilin, 0 Lainnya","5 Rumah Tinggal, 0 Semi Permanen, 1 Gedung, 2 Gudang, 43 Kios/Ruko, 0 Lainnya",0,1,0,3560000000
202403,1,1,"JAKARTA SELATAN",11,"7 Korsleting Listrik, 3 Gas, 0 Pembakaran Sampah, 0 Lilin, 1 Lainnya","12 Rumah Tinggal, 0 Semi Permanen, 0 Gedung, 0 Gudang, 6 Kios/Ruko, 0 Lainnya",0,1,17,1299150000
202403,1,1,"JAKARTA TIMUR",17,"13 Korsleting Listrik, 2 Gas, 0 Pembakaran Sampah, 0 Lilin, 2 Lainnya","14 Rumah Tinggal, 28 Semi Permanen, 0 Gedung, 0 Gudang, 8 Kios/Ruko, 0 Lainnya",0,0,60,4407000000
202403,1,1,"JAKARTA UTARA",7,"7 Korsleting Listrik, 0 Gas, 0 Pembakaran Sampah, 0 Lilin, 0 Lainnya","13 Rumah Tinggal, 0 Semi Permanen, 0 Gedung, 1 Gudang, 2 Kios/Ruko, 0 Lainnya",0,2,50,1710000000
202403,1,2,"JAKARTA BARAT",16,"14 Korsleting Listrik, 0 Gas, 0 Pembakaran Sampah, 0 Lilin, 2 Lainnya","14 Rumah Tinggal, 9 Semi Permanen, 0 Gedung, 0 Gudang, 11 Kios/Ruko, 0 Lainnya",0,0,48,28046320000
202403,1,2,"JAKARTA PUSAT",8,"3 Korsleting Listrik, 4 Gas, 0 Pembakaran Sampah, 0 Lilin, 1 Lainnya","4 Rumah Tinggal, 0 Semi Permanen, 1 Gedung, 0 Gudang, 1 Kios/Ruko, 0 Lainnya",0,3,0,759500000
202403,1,2,"JAKARTA SELATAN",8,"5 Korsleting Listrik, 1 Gas, 1 Pembakaran Sampah, 0 Lilin, 1 Lainnya","5 Rumah Tinggal, 0 Semi Permanen, 1 Gedung, 0 Gudang, 1 Kios/Ruko, 0 Lainnya",0,2,0,61000000
202403,1,2,"JAKARTA TIMUR",27,"18 Korsleting Listrik, 4 Gas, 0 Pembakaran Sampah, 0 Lilin, 5 Lainnya","30 Rumah Tinggal, 0 Semi Permanen, 0 Gedung, 1 Gudang, 7 Kios/Ruko, 0 Lainnya",5,6,11,12453300000
202403,1,2,"JAKARTA UTARA",4,"4 Korsleting Listrik, 0 Gas, 0 Pembakaran Sampah, 0 Lilin, 0 Lainnya","9 Rumah Tinggal, 0 Semi Permanen, 0 Gedung, 1 Gudang, 0 Kios/Ruko, 0 Lainnya",0,0,34,265000000
202403,1,3,"JAKARTA BARAT",34,"30 Korsleting Listrik, 1 Gas, 0 Pembakaran Sampah, 0 Lilin, 3 Lainnya","150 Rumah Tinggal, 1 Semi Permanen, 2 Gedung, 2 Gudang, 11 Kios/Ruko, 0 Lainnya",0,21,150,31872000000
202403,1,3,"JAKARTA PUSAT",9,"6 Korsleting Listrik, 3 Gas, 0 Pembakaran Sampah, 0 Lilin, 0 Lainnya","7 Rumah Tinggal, 0 Semi Permanen, 1 Gedung, 1 Gudang, 1 Kios/Ruko, 0 Lainnya",0,4,0,533000000
202403,1,3,"JAKARTA SELATAN",16,"11 Korsleting Listrik, 3 Gas, 0 Pembakaran Sampah, 0 Lilin, 2 Lainnya","6 Rumah Tinggal, 21 Semi Permanen, 0 Gedung, 0 Gudang, 4 Kios/Ruko, 0 Lainnya",1,4,15,3200300000
202403,1,3,"JAKARTA TIMUR",22,"13 Korsleting Listrik, 6 Gas, 0 Pembakaran Sampah, 0 Lilin, 3 Lainnya","21 Rumah Tinggal, 0 Semi Permanen, 1 Gedung, 0 Gudang, 3 Kios/Ruko, 0 Lainnya",0,6,0,6164200000
202403,1,3,"JAKARTA UTARA",13,"7 Korsleting Listrik, 4 Gas, 0 Pembakaran Sampah, 0 Lilin, 2 Lainnya","7 Rumah Tinggal, 1 Semi Permanen, 0 Gedung, 1 Gudang, 3 Kios/Ruko, 0 Lainnya",0,2,0,535500000
202406,2,4,"KOTA ADM. JAKARTA BARAT",15,"10 Korsleting Listrik, 1 Gas, 1 Pembakaran Sampah, 0 Lilin, 3 Lainnya","8 Rumah Tinggal, 0 Semi Permanen, 3 Gedung, 1 Gudang, 4 Kios/Ruko, 0 Lainnya",1,0,0,7600200000
202406,2,4,"KOTA ADM. JAKARTA PUSAT",15,"14 Korsleting Listrik, 0 Gas, 0 Pembakaran Sampah, 0 Lilin, 1 Lainnya","39 Rumah Tinggal, 4 Semi Permanen, 1 Gedung, 0 Gudang, 3 Kios/Ruko, 0 Lainnya",0,4,166,2530000000
202406,2,4,"KOTA ADM. JAKARTA SELATAN",25,"10 Korsleting Listrik, 1 Gas, 0 Pembakaran Sampah, 0 Lilin, 14 Lainnya","11 Rumah Tinggal, 1 Semi Permanen, 0 Gedung, 0 Gudang, 1 Kios/Ruko, 0 Lainnya",7,9,0,2451500000
202406,2,4,"KOTA ADM. JAKARTA TIMUR",11,"9 Korsleting Listrik, 2 Gas, 0 Pembakaran Sampah, 0 Lilin, 0 Lainnya","5 Rumah Tinggal, 0 Semi Permanen, 0 Gedung, 0 Gudang, 11 Kios/Ruko, 0 Lainnya",0,0,0,1282000000
202406,2,4,"KOTA ADM. JAKARTA UTARA",5,"4 Korsleting Listrik, 0 Gas, 0 Pembakaran Sampah, 0 Lilin, 1 Lainnya","7 Rumah Tinggal, 2 Semi Permanen, 0 Gedung, 0 Gudang, 0 Kios/Ruko, 0 Lainnya",0,0,62,905000000
202406,2,5,"KOTA ADM. JAKARTA BARAT",23,"15 Korsleting Listrik, 1 Gas, 2 Pembakaran Sampah, 0 Lilin, 5 Lainnya","22 Rumah Tinggal, 10 Semi Permanen, 2 Gedung, 5 Gudang, 9 Kios/Ruko, 0 Lainnya",0,10,78,7616500000
202406,2,5,"KOTA ADM. JAKARTA PUSAT",10,"6 Korsleting Listrik, 2 Gas, 0 Pembakaran Sampah, 0 Lilin, 2 Lainnya","5 Rumah Tinggal, 0 Semi Permanen, 2 Gedung, 0 Gudang, 5 Kios/Ruko, 0 Lainnya",0,1,0,1720000000
202406,2,5,"KOTA ADM. JAKARTA SELATAN",12,"6 Korsleting Listrik, 2 Gas, 1 Pembakaran Sampah, 0 Lilin, 3 Lainnya","11 Rumah Tinggal, 0 Semi Permanen, 0 Gedung, 0 Gudang, 0 Kios/Ruko, 0 Lainnya",0,4,45,2556000000
202406,2,5,"KOTA ADM. JAKARTA TIMUR",18,"13 Korsleting Listrik, 1 Gas, 0 Pembakaran Sampah, 0 Lilin, 4 Lainnya","14 Rumah Tinggal, 0 Semi Permanen, 0 Gedung, 1 Gudang, 6 Kios/Ruko, 0 Lainnya",0,2,0,1567500000
202406,2,5,"KOTA ADM. JAKARTA UTARA",18,"14 Korsleting Listrik, 1 Gas, 0 Pembakaran Sampah, 0 Lilin, 3 Lainnya","8 Rumah Tinggal, 0 Semi Permanen, 0 Gedung, 0 Gudang, 3 Kios/Ruko, 0 Lainnya",0,0,0,1806500000
202406,2,6,"KOTA ADM. JAKARTA BARAT",16,"10 Korsleting Listrik, 2 Gas, 0 Pembakaran Sampah, 0 Lilin, 4 Lainnya","9 Rumah Tinggal, 3 Semi Permanen, 1 Gedung, 0 Gudang, 9 Kios/Ruko, 0 Lainnya",0,1,60,3097900000
202406,2,6,"KOTA ADM. JAKARTA PUSAT",4,"2 Korsleting Listrik, 2 Gas, 0 Pembakaran Sampah, 0 Lilin, 0 Lainnya","14 Rumah Tinggal, 0 Semi Permanen, 0 Gedung, 1 Gudang, 0 Kios/Ruko, 0 Lainnya",0,0,60,519000000
202406,2,6,"KOTA ADM. JAKARTA SELATAN",11,"9 Korsleting Listrik, 1 Gas, 0 Pembakaran Sampah, 0 Lilin, 1 Lainnya","6 Rumah Tinggal, 0 Semi Permanen, 1 Gedung, 0 Gudang, 1 Kios/Ruko, 0 Lainnya",2,3,0,6693000000
202406,2,6,"KOTA ADM. JAKARTA TIMUR",24,"13 Korsleting Listrik, 4 Gas, 1 Pembakaran Sampah, 1 Lilin, 5 Lainnya","21 Rumah Tinggal, 0 Semi Permanen, 2 Gedung, 3 Gudang, 10 Kios/Ruko, 0 Lainnya",0,4,12,2635000000
202406,2,6,"KOTA ADM. JAKARTA UTARA",11,"6 Korsleting Listrik, 3 Gas, 1 Pembakaran Sampah, 0 Lilin, 1 Lainnya","6 Rumah Tinggal, 1 Semi Permanen, 0 Gedung, 0 Gudang, 2 Kios/Ruko, 0 Lainnya",0,3,0,1050030000
202409,3,7,"KAB. ADM. KEP. SERIBU",1,"1 Korsleting Listrik, 0 Gas, 0 Pembakaran Sampah, 0 Lilin, 0 Lainnya","0 Rumah Tinggal, 0 Semi Permanen, 0 Gedung, 0 Gudang, 1 Kios/Ruko, 0 Lainnya",0,0,0,30000000
202409,3,7,"KOTA ADM. JAKARTA BARAT",27,"14 Korsleting Listrik, 4 Gas, 0 Pembakaran Sampah, 0 Lilin, 9 Lainnya","17 Rumah Tinggal, 8 Semi Permanen, 1 Gedung, 6 Gudang, 12 Kios/Ruko, 0 Lainnya",1,8,67,9285000000
202409,3,7,"KOTA ADM. JAKARTA PUSAT",3,"3 Korsleting Listrik, 0 Gas, 0 Pembakaran Sampah, 0 Lilin, 0 Lainnya","3 Rumah Tinggal, 0 Semi Permanen, 0 Gedung, 0 Gudang, 1 Kios/Ruko, 0 Lainnya",0,1,0,560000000
202409,3,7,"KOTA ADM. JAKARTA SELATAN",17,"8 Korsleting Listrik, 2 Gas, 1 Pembakaran Sampah, 0 Lilin, 6 Lainnya","9 Rumah Tinggal, 1 Semi Permanen, 0 Gedung, 2 Gudang, 2 Kios/Ruko, 0 Lainnya",0,6,167,25140000000
202409,3,7,"KOTA ADM. JAKARTA TIMUR",21,"11 Korsleting Listrik, 8 Gas, 0 Pembakaran Sampah, 0 Lilin, 2 Lainnya","9 Rumah Tinggal, 0 Semi Permanen, 2 Gedung, 1 Gudang, 10 Kios/Ruko, 0 Lainnya",0,5,26,3587500000
202409,3,7,"KOTA ADM. JAKARTA UTARA",14,"11 Korsleting Listrik, 1 Gas, 1 Pembakaran Sampah, 0 Lilin, 1 Lainnya","28 Rumah Tinggal, 0 Semi Permanen, 0 Gedung, 0 Gudang, 3 Kios/Ruko, 0 Lainnya",0,1,121,2503650000
202409,3,8,"KOTA ADM. JAKARTA BARAT",26,"9 Korsleting Listrik, 8 Gas, 0 Pembakaran Sampah, 0 Lilin, 9 Lainnya","23 Rumah Tinggal, 2 Semi Permanen, 1 Gedung, 0 Gudang, 8 Kios/Ruko, 0 Lainnya",0,11,59,9648600000
202409,3,8,"KOTA ADM. JAKARTA PUSAT",13,"7 Korsleting Listrik, 6 Gas, 0 Pembakaran Sampah, 0 Lilin, 0 Lainnya","9 Rumah Tinggal, 0 Semi Permanen, 1 Gedung, 1 Gudang, 3 Kios/Ruko, 0 Lainnya",0,4,60,2463300000
202409,3,8,"KOTA ADM. JAKARTA SELATAN",22,"18 Korsleting Listrik, 1 Gas, 0 Pembakaran Sampah, 0 Lilin, 3 Lainnya","5 Rumah Tinggal, 1 Semi Permanen, 1 Gedung, 2 Gudang, 6 Kios/Ruko, 0 Lainnya",0,8,3060,22892000000
202409,3,8,"KOTA ADM. JAKARTA TIMUR",20,"14 Korsleting Listrik, 2 Gas, 1 Pembakaran Sampah, 0 Lilin, 3 Lainnya","8 Rumah Tinggal, 1 Semi Permanen, 5 Gedung, 1 Gudang, 3 Kios/Ruko, 0 Lainnya",0,0,0,1160500000
202409,3,8,"KOTA ADM. JAKARTA UTARA",14,"10 Korsleting Listrik, 0 Gas, 0 Pembakaran Sampah, 0 Lilin, 4 Lainnya","15 Rumah Tinggal, 62 Semi Permanen, 0 Gedung, 1 Gudang, 7 Kios/Ruko, 0 Lainnya",1,0,322,2887000000
202409,3,9,"KOTA ADM. JAKARTA BARAT",20,"17 Korsleting Listrik, 0 Gas, 1 Pembakaran Sampah, 0 Lilin, 2 Lainnya","10 Rumah Tinggal, 0 Semi Permanen, 0 Gedung, 1 Gudang, 3 Kios/Ruko, 0 Lainnya",1,9,16,9066000000
202409,3,9,"KOTA ADM. JAKARTA PUSAT",5,"5 Korsleting Listrik, 0 Gas, 0 Pembakaran Sampah, 0 Lilin, 0 Lainnya","4 Rumah Tinggal, 0 Semi Permanen, 1 Gedung, 1 Gudang, 1 Kios/Ruko, 0 Lainnya",0,0,10,586252000
202409,3,9,"KOTA ADM. JAKARTA SELATAN",17,"11 Korsleting Listrik, 4 Gas, 0 Pembakaran Sampah, 0 Lilin, 2 Lainnya","9 Rumah Tinggal, 0 Semi Permanen, 0 Gedung, 1 Gudang, 12 Kios/Ruko, 0 Lainnya",0,5,0,1771250000
202409,3,9,"KOTA ADM. JAKARTA TIMUR",18,"13 Korsleting Listrik, 2 Gas, 0 Pembakaran Sampah, 0 Lilin, 3 Lainnya","23 Rumah Tinggal, 0 Semi Permanen, 0 Gedung, 1 Gudang, 5 Kios/Ruko, 0 Lainnya",3,2,90,5992000000
202409,3,9,"KOTA ADM. JAKARTA UTARA",9,"7 Korsleting Listrik, 1 Gas, 0 Pembakaran Sampah, 0 Lilin, 1 Lainnya","3 Rumah Tinggal, 1 Semi Permanen, 1 Gedung, 1 Gudang, 6 Kios/Ruko, 0 Lainnya",0,0,0,270000000
202412,4,10,"KOTA ADM. JAKARTA BARAT",35,"24 Korsleting Listrik, 1 Gas, 0 Pembakaran Sampah, 0 Lilin, 10 Lainnya","262 Rumah Tinggal, 59 Semi Permanen, 1 Gedung, 14 Gudang, 14 Kios/Ruko, 0 Lainnya",6,16,722,140220273588
202412,4,10,"KOTA ADM. JAKARTA PUSAT",10,"8 Korsleting Listrik, 1 Gas, 0 Pembakaran Sampah, 0 Lilin, 1 Lainnya","5 Rumah Tinggal, 7 Semi Permanen, 1 Gedung, 0 Gudang, 3 Kios/Ruko, 0 Lainnya",0,2,60,1995500000
202412,4,10,"KOTA ADM. JAKARTA SELATAN",19,"12 Korsleting Listrik, 1 Gas, 0 Pembakaran Sampah, 0 Lilin, 6 Lainnya","22 Rumah Tinggal, 1 Semi Permanen, 0 Gedung, 0 Gudang, 3 Kios/Ruko, 0 Lainnya",0,5,38,27940104000
202412,4,10,"KOTA ADM. JAKARTA TIMUR",21,"15 Korsleting Listrik, 2 Gas, 1 Pembakaran Sampah, 0 Lilin, 3 Lainnya","19 Rumah Tinggal, 11 Semi Permanen, 1 Gedung, 1 Gudang, 2 Kios/Ruko, 0 Lainnya",0,0,82,4423000000
202412,4,10,"KOTA ADM. JAKARTA UTARA",15,"12 Korsleting Listrik, 1 Gas, 0 Pembakaran Sampah, 0 Lilin, 2 Lainnya","8 Rumah Tinggal, 3 Semi Permanen, 0 Gedung, 2 Gudang, 3 Kios/Ruko, 0 Lainnya",0,1,0,555000000
202412,4,11,"KOTA ADM. JAKARTA BARAT",25,"21 Korsleting Listrik, 1 Gas, 0 Pembakaran Sampah, 0 Lilin, 3 Lainnya","62 Rumah Tinggal, 12 Semi Permanen, 0 Gedung, 1 Gudang, 6 Kios/Ruko, 0 Lainnya",0,16,320,20421450000
202412,4,11,"KOTA ADM. JAKARTA PUSAT",8,"8 Korsleting Listrik, 0 Gas, 0 Pembakaran Sampah, 0 Lilin, 0 Lainnya","22 Rumah Tinggal, 0 Semi Permanen, 1 Gedung, 0 Gudang, 1 Kios/Ruko, 0 Lainnya",0,1,74,992500000
202412,4,11,"KOTA ADM. JAKARTA SELATAN",8,"3 Korsleting Listrik, 2 Gas, 0 Pembakaran Sampah, 1 Lilin, 2 Lainnya","4 Rumah Tinggal, 0 Semi Permanen, 1 Gedung, 0 Gudang, 3 Kios/Ruko, 0 Lainnya",1,1,0,1039400000
202412,4,11,"KOTA ADM. JAKARTA TIMUR",20,"11 Korsleting Listrik, 8 Gas, 0 Pembakaran Sampah, 0 Lilin, 1 Lainnya","82 Rumah Tinggal, 0 Semi Permanen, 2 Gedung, 0 Gudang, 2 Kios/Ruko, 0 Lainnya",0,6,278,9799500000
202412,4,11,"KOTA ADM. JAKARTA UTARA",15,"11 Korsleting Listrik, 1 Gas, 0 Pembakaran Sampah, 0 Lilin, 3 Lainnya","15 Rumah Tinggal, 0 Semi Permanen, 1 Gedung, 2 Gudang, 7 Kios/Ruko, 0 Lainnya",5,1,57,28130000000
202412,4,12,"KOTA ADM. JAKARTA BARAT",8,"5 Korsleting Listrik, 3 Gas, 0 Pembakaran Sampah, 0 Lilin, 0 Lainnya","11 Rumah Tinggal, 12 Semi Permanen, 0 Gedung, 1 Gudang, 1 Kios/Ruko, 0 Lainnya",0,1,28,3605200000
202412,4,12,"KOTA ADM. JAKARTA PUSAT",24,"23 Korsleting Listrik, 0 Gas, 0 Pembakaran Sampah, 0 Lilin, 1 Lainnya","24 Rumah Tinggal, 200 Semi Permanen, 0 Gedung, 1 Gudang, 121 Kios/Ruko, 0 Lainnya",3,16,1607,177669720000
202412,4,12,"KOTA ADM. JAKARTA SELATAN",16,"4 Korsleting Listrik, 3 Gas, 0 Pembakaran Sampah, 0 Lilin, 9 Lainnya","4 Rumah Tinggal, 0 Semi Permanen, 1 Gedung, 0 Gudang, 4 Kios/Ruko, 0 Lainnya",0,7,0,2146558000
202412,4,12,"KOTA ADM. JAKARTA TIMUR",22,"18 Korsleting Listrik, 2 Gas, 0 Pembakaran Sampah, 0 Lilin, 2 Lainnya","18 Rumah Tinggal, 15 Semi Permanen, 0 Gedung, 1 Gudang, 10 Kios/Ruko, 0 Lainnya",0,7,108,7116000000
202412,4,12,"KOTA ADM. JAKARTA UTARA",11,"9 Korsleting Listrik, 1 Gas, 0 Pembakaran Sampah, 0 Lilin, 1 Lainnya","26 Rumah Tinggal, 5 Semi Permanen, 0 Gedung, 1 Gudang, 9 Kios/Ruko, 0 Lainnya",0,1,42,1847600000
