periode_data,tahun,lokasi,kecamatan,wilayah
2023,2022,"Jl. Tanjung Duren Raya, RT.1 RW.5, Tj. Duren Sel., Kec. Grogol petamburan, Kota Jakarta Barat","Grogol Petamburan","Jakarta Barat"
2023,2022,"Jl. Raya Kebayoran lama kelurahan Sukabumi Utara depan Telkom","Kebon Jeruk","Jakarta Barat"
2023,2022,"Jl. Daud, RT.6 RW.8, Sukabumi Utara, Kec. Kb. Jeruk, Kota Jakarta Barat","Kebon Jeruk","Jakarta Barat"
2023,2022,"Jl. Yusuf Blok Yusuf No.2 B, RT.6 RW.3, Sukabumi Utara, Kec. Kb. Jeruk, Kota Jakarta Barat","Kebon Jeruk","Jakarta Barat"
2023,2022,"Jl. Basoka Raya RT.5 RW.8, Joglo, Kec. Kembangan, Kota Jakarta Barat",Kembangan,"Jakarta Barat"
2023,2022,"Jl. Patra No.2, RT.8 RW.2, Duri Kepa, Kec. Kb. Jeruk, Kota Jakarta Barat","Kebon Jeruk","Jakarta Barat"
2023,2022,"Jl. Patra 206-148, RT.2 RW.2, Duri Kepa, Kec. Kebon Jeruk, Kota Jakarta Barat","Kebon Jeruk","Jakarta Barat"
2023,2022,"Jl. Pejuangan Jakarta Barat, Kebon Jeruk, Kota Jakarta Barat","Kebon Jeruk","Jakarta Barat"
2023,2022,"Jl. Perjuangan 6-4, RT.3 RW.7, Kb. Jeruk, Kec. Kebon Jeruk, Kota Jakarta Barat","Kebon Jeruk","Jakarta Barat"
2023,2022,"Jl. Raya Kelapa Dua 25-17, RT.13 RW.5, Klp. Dua, Kec. Kb. Jeruk, Kota Jakarta Barat","Kebon Jeruk","Jakarta Barat"
2023,2022,"Jl. Anggrek  kelurahan kelapa dua","Kebon Jeruk","Jakarta Barat"
2023,2022,"Jl. Arjuna Selatan","Kebon Jeruk","Jakarta Barat"
2023,2022,"Jl. Perumahan Kebon Jeruk Baru","Kebon Jeruk","Jakarta Barat"
2023,2022,"JL. H Briti 005 09",Kembangan,"Jakarta Barat"
2023,2022,"Jl. Pesanggrahan, RT.4 RW.6, Kembangan Sel., Kec. Kembangan, Kota Jakarta Barat",Kembangan,"Jakarta Barat"
2023,2022,"JL. Kembangan selatan  TL ringroad ",Kembangan,"Jakarta Barat"
2023,2022,"JL. H Sarimun 007 01",Kembangan,"Jakarta Barat"
2023,2022,"Jl panjang kedoya","Kebon Jeruk","Jakarta Barat"
2023,2022,"Jl. Keutamaan No.39, RT.9 RW.1, Krukut, Jakarta, Kota Jakarta Barat",Tamansari,"Jakarta Barat"
2023,2022,"Jalan keutamaan dalam",Tamansari,"Jakarta Barat"
2023,2022,"Jl. Masjid kebon jeruk dan Jl. Hayam wuruk",Tamansari,"Jakarta Barat"
2023,2022,"Jl Puri kembangan","Kebon Jeruk","Jakarta Barat"
2023,2022,"Jl. Alteri Kali Krukut",Tamansari,"Jakarta Barat"
2023,2022,"Jl. Z Kp. Baru 4-10, RT.7, Sukabumi Sel., Kec. Kb. Jeruk, Kota Jakarta Barat","Kebon Jeruk","Jakarta Barat"
2023,2022,"Jl. Warung Gantung Kebon Nangka Rt 002 006 Kelurahan Kalideres",Kalideres,"Jakarta Barat"
2023,2022,"Kp. Cipondoh Rt 002 008 Kelurahan Semanan Kec Kalideres",Kalideres,"Jakarta Barat"
2023,2022,"Jl.Kapuk Gang Taniwan",Cengkareng,"Jakarta Barat"
2023,2022,"Jl. Keadilan dalam II",Tamansari,"Jakarta Barat"
2023,2022,"Jl. Srengseng Raya",Kembangan,"Jakarta Barat"
2023,2022,"Jalan Tamansari raya",Tamansari,"Jakarta Barat"
2023,2022,"Kp. Koang",Kalideres,"Jakarta Barat"
2023,2022,"RT.9 RW.2, Cemp. Baru, Kec. Kemayoran, Kota Jakarta Pusat",Kemayoran,"Jakarta Pusat"
2023,2022,"Jl. Cempaka baru 2  jl. Cempaka sari 3 jl. Cempaka baru tengah",Kemayoran,"Jakarta Pusat"
2023,2022,"Jl. Dakota V",Kemayoran,"Jakarta Pusat"
2023,2022,"Jl Letjend Suprapto",Kemayoran,"Jakarta Pusat"
2023,2022,"Jl. Bendungan Jago Kemayoran Gempol",Kemayoran,"Jakarta Pusat"
2023,2022,"Jl. Swadaya 1 RW 005  RT 14",Kemayoran,"Jakarta Pusat"
2023,2022,"Jl Cempaka Wangi II",Kemayoran,"Jakarta Pusat"
2023,2022,"Jl. Utan Panjang Barat RT 09 RT 010",Kemayoran,"Jakarta Pusat"
2023,2022,"Jl serdang baru raya, Jl. Serdang baru 7, Jl. serdang baru 8 RW 05",Kemayoran,"Jakarta Pusat"
2023,2022,"Jl. Kemayoran Timur 10-201, RT.10 RW.7, Kemayoran, Kec. Kemayoran, Kota Jakarta Pusat",Kemayoran,"Jakarta Pusat"
2023,2022,"Jl. Bungur Besar",Kemayoran,"Jakarta Pusat"
2023,2022,"Jl. Garuda No.25, RT.7 RW.4, Gn. Sahari Sel., Kec. Kemayoran, Kota Jakarta Pusat",Kemayoran,"Jakarta Pusat"
2023,2022,"Jl. Rawa Sawah I","Johar Baru","Jakarta Pusat"
2023,2022,"Jl.Kalipasir Gg.Tembok RW.08 Kelurahan Kebon Sirih",Menteng,"Jakarta Pusat"
2023,2022,"Jln. Tanah Tinggi Xll, RW 12","Johar Baru","Jakarta Pusat"
2023,2022,"Jln. Kramat Pulo Gundul gg. Venas RW 09","Johar Baru","Jakarta Pusat"
2023,2022,"Jl Intan, Jl Kwista, jl galur selatan","Johar Baru","Jakarta Pusat"
2023,2022,"Jl galur selatan Letjend suprapto","Johar Baru","Jakarta Pusat"
2023,2022,"Jl. KKO Usman dan Harun RW 05",Senen,"Jakarta Pusat"
2023,2022,"Jl. Kramat Pulo Dalam 1",Senen,"Jakarta Pusat"
2023,2022,"Jl.Cempaka putih raya","Cempaka Putih","Jakarta Pusat"
2023,2022,"Jl Tauladan Rt 017 Rw 05 Kel Karet Tengsin Kec Tanah abang","Tanah Abang","Jakarta Pusat"
2023,2022,"Jl karet pasar baru barat 1 Rt 011  Rw 07 kel karet Tengsin","Tanah Abang","Jakarta Pusat"
2023,2022,"Jl karet pasar baru barat 1 Rt 011 Dan Rt 010 Rw 07","Tanah Abang","Jakarta Pusat"
2023,2022,"Jl. Petojo Binatu I",Gambir,"Jakarta Pusat"
2023,2022,"Jl. KH.Hasyim Ashari  dunkin donuts ",Gambir,"Jakarta Pusat"
2023,2022,"Jl. CPB 26, Jl CPB 21, Jl. CPB 17","Cempaka Putih","Jakarta Pusat"
2023,2022,"Jl. Rawamangun","Cempaka Putih","Jakarta Pusat"
2023,2022,"Jl. Pembangunan I",Gambir,"Jakarta Pusat"
2023,2022,"Jl. Pramuka Raya","Cempaka Putih","Jakarta Pusat"
2023,2022,"Jl. Pramuka Sari 1","Cempaka Putih","Jakarta Pusat"
2023,2022,"Pemukiman padat penduduk RW.03 dan RW.04",Senen,"Jakarta Pusat"
2023,2022,"Jl. Palmerah Selatan","Tanah Abang","Jakarta Pusat"
2023,2022,"Jl. Jati Petamburan Rusun Petamburan RW. 011 Kelurahan Petamburan Tanah Abang Jakarta Pusat","Tanah Abang","Jakarta Pusat"
2023,2022,"Jl. Gelora IX A no 29","Tanah Abang","Jakarta Pusat"
2023,2022,"Jln. Benhil Raya Rw.01 Depan Pasar Jaya","Tanah Abang","Jakarta Pusat"
2023,2022,"Jl. Petamburan II RT. 08 03 Kelurahan Petamburan Tanah Abang Jakarta Pusat","Tanah Abang","Jakarta Pusat"
2023,2022,"Jln. Benhil Raya Depan RS. Mintoharjo.","Tanah Abang","Jakarta Pusat"
2023,2022,"Jln. Pancamarga Rt.06,07 Rw.01","Tanah Abang","Jakarta Pusat"
2023,2022,"Jln. Penjernihan Dalam Rw.07","Tanah Abang","Jakarta Pusat"
2023,2022,"Jln. Penjernihan Dalam Rw.07","Tanah Abang","Jakarta Pusat"
2023,2022,"Jln. Penjernihan Dalam Rw.07","Tanah Abang","Jakarta Pusat"
2023,2022,"Jalan Kali Baru Timur Gang VI",Senen,"Jakarta Pusat"
2023,2022,"Jalan KaliBaru Timur V",Senen,"Jakarta Pusat"
2023,2022,"Jln. Jati baru raya","Tanah Abang","Jakarta Pusat"
2023,2022,"Wilayah RW 07 Kelurahan Paseban ,Kec Senen",Senen,"Jakarta Pusat"
2023,2022,"Jati baru raya","Tanah Abang","Jakarta Pusat"
2023,2022,"Jl. A Raya","Sawah Besar","Jakarta Pusat"
2023,2022,"Jalan Mangga dua raya","Sawah Besar","Jakarta Pusat"
2023,2022,"Jalan lautze","Sawah Besar","Jakarta Pusat"
2023,2022,"Jalan kelinci raya","Sawah Besar","Jakarta Pusat"
2023,2022,"Jl. Industri raya","Sawah Besar","Jakarta Pusat"
2023,2022,"Jl. Gn sahari 7A   Rw 05  ","Sawah Besar","Jakarta Pusat"
2023,2022,"Jalan Baturaja kebon melati","Tanah Abang","Jakarta Pusat"
2023,2022,"Jalan Jati Bunder Dalam Rw 14 Kebon Melati","Tanah Abang","Jakarta Pusat"
2023,2022,"Jl. Kamp. Irian 2 dan wilayah rw 06",Kemayoran,"Jakarta Pusat"
2023,2022,"Jl. Mangga Besar Raya","Sawah Besar","Jakarta Pusat"
2023,2022,"Jalan inspeksi pinggir kali Ciliwung RW.04",Senen,"Jakarta Pusat"
2023,2022,"RT.12 RW.9, Kb. Kosong, Kec. Kemayoran, Kota Jakarta Pusat",Kemayoran,"Jakarta Pusat"
2023,2022,"Delta wilayah rw 07",Kemayoran,"Jakarta Pusat"
2023,2022,"Jl.Wijaya Timur Raya","Kebayoran Baru","Jakarta Selatan"
2023,2022,"  RT 09   RT 010 RW 01  ,   RT 09, RT 010, RT 011 RW 06  ","Kebayoran Baru","Jakarta Selatan"
2023,2022,"Jl.Lebak Sari Rt.010 05 dan Rt.011 05",Jagakarsa,"Jakarta Selatan"
2023,2022,"Jl. Tegal Parang Selatan II dan III","Mampang Prapatan","Jakarta Selatan"
2023,2022,"Jl. Pangeran Antasari GG. Koba RT. 1 s d 3 RW. 6 Cipete Utara","Kebayoran Baru","Jakarta Selatan"
2023,2022,"Jl. Pondok Karya","Mampang Prapatan","Jakarta Selatan"
2023,2022,"Jl. Kemang Utara IX","Mampang Prapatan","Jakarta Selatan"
2023,2022,"Jl. Kebalen","Mampang Prapatan","Jakarta Selatan"
2023,2022,"Jl. Manggarai Utara 2",Tebet,"Jakarta Selatan"
2023,2022,"Jl Rs Fatmawati Depan Bank UOB",Cilandak,"Jakarta Selatan"
2023,2022,"Jl. Mandala Rt  08 02",Cilandak,"Jakarta Selatan"
2023,2022,"Jl. Poncol II Rt 10,13,14 Rw 07",Cilandak,"Jakarta Selatan"
2023,2022,"Jl. H. Batong",Cilandak,"Jakarta Selatan"
2023,2022,"Jl. Pondok Jaya II","Mampang Prapatan","Jakarta Selatan"
2023,2022,"Jl Anggrek , Depan Sekolah MIN 6 Jagakarsa",Jagakarsa,"Jakarta Selatan"
2023,2022,"Jl. H Kamang Bawah",Cilandak,"Jakarta Selatan"
2023,2022,"Jl. Karang Tengah Raya",Cilandak,"Jakarta Selatan"
2023,2022,"Jl. Kamboja Rt. 08 Rw. 08",Cilandak,"Jakarta Selatan"
2023,2022,"Jl. GG Edi RT 14 06 Kel. Guntur","Setia Budi","Jakarta Selatan"
2023,2022,"Jl. Kemang Selatan XII E",Cilandak,"Jakarta Selatan"
2023,2022,"Jl. Mampang Prapatan XIII","Mampang Prapatan","Jakarta Selatan"
2023,2022,"Jl Pengadegan Timur I",Pancoran,"Jakarta Selatan"
2023,2022,"Jl. Mt Haryono Kelurahan Cikoko",Pancoran,"Jakarta Selatan"
2023,2022,"Jl.  Jati padang baru RT 06 RW 006 Kel.Jati Padang","Pasar Minggu","Jakarta Selatan"
2023,2022,"Jalan H trins taman kiara payung",Jagakarsa,"Jakarta Selatan"
2023,2022,"JL. Kalibata Timur IV depan Kel. Kalibata",Pancoran,"Jakarta Selatan"
2023,2022,"Jl. Naga Raya Rt.006 03","Duren Sawit","Jakarta Timur"
2023,2022,"Jl. Swadaya Rt 10 07 , jl. Lapangan tembak","Pasar Rebo","Jakarta Timur"
2023,2022,"Jl Kebon Pala RW.04 05, Jl Tanah Rendah RW.07 08",Jatinegara,"Jakarta Timur"
2023,2022,"Jl. Raya Kelapa Dua Wetan Kali Jodo",Ciracas,"Jakarta Timur"
2023,2022,"Jl.SD Inpres",Ciracas,"Jakarta Timur"
2023,2022,"Jl.D.I. Panjaitan",Jatinegara,"Jakarta Timur"
2023,2022,"Jl jambore",Ciracas,"Jakarta Timur"
2023,2022,"Jln panca warga 1",Jatinegara,"Jakarta Timur"
2023,2022,"Jl dana karya Rt 02 Rw 02 kel gedong","Pasar Rebo","Jakarta Timur"
2023,2022,"Jl. Cipinang Bali III Rt.06 Rw.013",Jatinegara,"Jakarta Timur"
2023,2022,"Jl. Cipinang Bali II Rt.012 Rw.013",Jatinegara,"Jakarta Timur"
2023,2022,"Jl kali cipinang",Ciracas,"Jakarta Timur"
2023,2022,"Jl. Baiduri bulan MT HARYONO",Jatinegara,"Jakarta Timur"
2023,2022,"Jl. Slamet Ruyadi RW 04 Kel. Kebon Manggis, Matraman",Matraman,"Jakarta Timur"
2023,2022,"Jl. Al Bariyah","Kramat Jati","Jakarta Timur"
2023,2022,"Jl Cipinang baru timur","Pulo Gadung","Jakarta Timur"
2023,2022,"Jln. Ciliwung ujung rw 06 kel.cililitan kec.kramat jati jakarta timur","Kramat Jati","Jakarta Timur"
2023,2022,"Jl. Tebu rt. 018 rw. 07",Cakung,"Jakarta Timur"
2023,2022,"Jl. Ummi RT. 004 003 kelurahan cilangkap",Cipayung,"Jakarta Timur"
2023,2022,"Jl. Krama Yudha RT 10 RW 05 Kel Rawa Terate",Cakung,"Jakarta Timur"
2023,2022,"JL HAJI AMSIR RW 03 KELURAHAN CIPINANG MELAYU",Makasar,"Jakarta Timur"
2023,2022,"JL SUPRAPTO",Makasar,"Jakarta Timur"
2023,2022,"Jl. Dato Tonggara II Kramat Jati, Kec. Kramat jati","Kramat Jati","Jakarta Timur"
2023,2022,"Jl. Dermaga Baru RT. 008 RW. 016   RT. 002 RW. 017   depan Sekolah Yayasan Budaya s.d Jl. Dermaga Raya  ","Duren Sawit","Jakarta Timur"
2023,2022,"Jl. KP. Sumur RT. 007 RW. 010   Lapangan Maret  ","Duren Sawit","Jakarta Timur"
2023,2022,"Jl. Akon",Ciracas,"Jakarta Timur"
2023,2022,"Jl. Bulak Raya RT. 002 RW. 07","Duren Sawit","Jakarta Timur"
2023,2022,"Titik rawan bencana lokasi rt. 001 09 , terjadi luapan kali jati kramat bila intensitas hujan tinggi.","Duren Sawit","Jakarta Timur"
2023,2022,"Jl pondok kopi raya","Duren Sawit","Jakarta Timur"
2023,2022,"Jln pengasinan . muara Angke .",Penjaringan,"Jakarta Utara"
2023,2022,"Jl.Kapuk Kamal depan Eccopark, Anis Tailor RW.01   RW.02, depan kantor Kel. Kamal Muara dan depan Puskesmas Kamal Muara",Penjaringan,"Jakarta Utara"
2023,2022,"Jl kamal muara raya RW 01 dan RW 04",Penjaringan,"Jakarta Utara"
2023,2022,"Jl. Danau sunter barat,  depan pengadilan jakarta utara ","Tanjung Priok","Jakarta Utara"
2023,2022,"Rw.05 Kota Tua, Pademangan Timur, Kec. Pademangan, Jakarta Utara","Tanjung Priok","Jakarta Utara"
2023,2022,"Jl. Gading Sengon XIII","Kelapa Gading","Jakarta Utara"
2023,2022,"Jl.Pegangsaan Dua   Depan Partemen Green Hill  ","Kelapa Gading","Jakarta Utara"
2023,2022,"Jl.Rawa Indah RW 03","Kelapa Gading","Jakarta Utara"
2023,2022,"Jln Pademangan VIII",Pademangan,"Jakarta Utara"
2023,2022,"Jln.Masjid Jihad Rt.02 Rw.04","Kelapa Gading","Jakarta Utara"
2023,2022,"Jl.Suma Agung I,II,III, Jl.Molek Rw.02   2 . Jl.Teratai, Jl. Kelapa Sawit, Komek Bermis Rw.03, Jl.Perintis Kemerdekaan, Jl.HII Rw.Rw.04,05, Jl.Bangun Cipta Sarana, Jl.Puskesmas Rw.06, Jl.Tarian Raya Rw.07, Jl.Mawar Jingga, Jl.Giring garing, Jl.Flamboyan, Jl.Wibisono , Jl.Tari Lilin, Jl.Tari Balet, Jl.Ramayana, Jl.Dewi Sinta, Jl.Maramba, Jl.Arimbi, Jl.Nusa Indah, Jl.Cendana, Jl.Tati Joget, Jl.Tari Disco, Jl.Mahkota, Jl.Tarian Jaya, wilayah Rw.08, Jl.Kuning Tua, Jl.kuning Muda, Jl.Putih Salju, Jl.Putih Melati, Jln.Kuning Langsat, Jln.Hijau Daun , Jln.Gafing Raya, Jln.Orange Pelangi, Jln.Merah Delima, Jln.Ultra Violet, Jln.Kelapa Cengkir TimurI,II,III,Jl.Kelapa Cengkir Raya, Jln.Merah Jambu, Jln.Biru Timur Laut,Rw.10, Jl.Kelapa Puan Rw.012, Jl.Boulevar Barat  Rw.016,Rw.018","Kelapa Gading","Jakarta Utara"
2023,2022,"Jl. Mangga",Koja,"Jakarta Utara"
2023,2022,"Jln Pademangan V",Pademangan,"Jakarta Utara"
2023,2022,"Kawasan Pelabuhan Muara Baru Pelabuhan Nizam Zacman Rw.017, Jalan Muara Baru Gedung Pomapa RT.020 RW.017  Tepat di Tanggul Laut yg lama ",Penjaringan,"Jakarta Utara"
2023,2022,"Jl. Jembatan III Raya RT.01,02,08,09  017, Jl. Wacung RT.06,07 016, Jl. Pluit Dalam RT.03,04 08",Penjaringan,"Jakarta Utara"
