periode_data,wilayah,kecamatan,kelurahan,latitude,longitude
2024,"Kota Adm. Jakarta Selatan","Mampang Prapatan",Bangka,-6214879,106819983
2024,"Kota Adm. Jakarta Pusat","Tanah Abang","Bendungan Hilir",-6201581,106808297
2024,"Kota Adm. Jakarta Pusat","Tanah Abang","Bendungan Hilir",-6208086,106808687
2024,"Kota Adm. Jakarta Pusat","Tanah Abang","Bendungan Hilir",-6207986,106808755
2024,"Kota Adm. Jakarta Pusat","Tanah Abang","Bendungan Hilir",-6200481,106810587
2024,"Kota Adm. Jakarta Pusat","Tanah Abang","Bendungan Hilir",-6199486,106813522
2024,"Kota Adm. Jakarta Pusat","Tanah Abang","Bendungan Hilir",-6214857,106815124
2024,"Kota Adm. Jakarta Timur",Jatinegara,"Bidara Cina",-6240897,106866261
2024,"Kota Adm. Jakarta Pusat",Senen,Bungur,-6168909,106846348
2024,"Kota Adm. Jakarta Pusat",Senen,Bungur,-6168901,106846352
2024,"Kota Adm. Jakarta Timur",Cakung,"Cakung Barat",-6174049,106939457
2024,"Kota Adm. Jakarta Pusat",Kemayoran,"Cempaka Baru",-6170335,106860745
2024,"Kota Adm. Jakarta Pusat",Kemayoran,"Cempaka Baru",-6172293,106860909
2024,"Kota Adm. Jakarta Pusat","Cempaka Putih","Cempaka Putih Barat",-6183807,106867573
2024,"Kota Adm. Jakarta Pusat","Cempaka Putih","Cempaka Putih Timur",-6173712,106870379
2024,"Kota Adm. Jakarta Timur",Ciracas,Cibubur,-6350042,106876385
2024,"Kota Adm. Jakarta Selatan",Jagakarsa,Ciganjur,-6324882,106804457
2024,"Kota Adm. Jakarta Selatan",Pancoran,Cikoko,-6245382,106852330
2024,"Kota Adm. Jakarta Selatan",Cilandak,"Cilandak Barat",-6282455,106791809
2024,"Kota Adm. Jakarta Selatan",Cilandak,"Cilandak Barat",-6285200,106816500
2024,"Kota Adm. Jakarta Timur",Cipayung,Cilangkap,-6333835,106903111
2024,"Kota Adm. Jakarta Timur",Kramatjati,Cililitan,-6259398,106865302
2024,"Kota Adm. Jakarta Selatan",Cilandak,"Cipete Selatan",-6274007,106798651
2024,"Kota Adm. Jakarta Selatan","Kebayoran Baru","Cipete Utara",-6266900,106797200
2024,"Kota Adm. Jakarta Timur",Pulogadung,Cipinang,-6210873,106898512
2024,"Kota Adm. Jakarta Timur",Jatinegara,"Cipinang Besar Selatan",-6235883,106878484
2024,"Kota Adm. Jakarta Timur",Makasar,"Cipinang Melayu",-6252134,106872832
2024,"Kota Adm. Jakarta Timur",Jatinegara,"Cipinang Muara",-6237389,106891973
2024,"Kota Adm. Jakarta Timur",Ciracas,Ciracas,-6334218,106875612
2024,"Kota Adm. Jakarta Timur","Duren Sawit","Duren Sawit",-6229540,106909939
2024,"Kota Adm. Jakarta Barat","Kebon Jeruk","Duri Kepa",-6188200,106773600
2024,"Kota Adm. Jakarta Barat","Kebon Jeruk","Duri Kepa",-6190500,106777800
2024,"Kota Adm. Jakarta Pusat","Johar Baru",Galur,-6181500,106865000
2024,"Kota Adm. Jakarta Pusat","Johar Baru",Galur,-6180800,106865300
2024,"Kota Adm. Jakarta Selatan",Cilandak,"Gandaria Selatan",-6270603,106794008
2024,"Kota Adm. Jakarta Selatan",Cilandak,"Gandaria Selatan",-6270574,106794031
2024,"Kota Adm. Jakarta Timur","Pasar Rebo",Gedong,-6330614,106900151
2024,"Kota Adm. Jakarta Pusat","Tanah Abang",Gelora,-6207666,106796311
2024,"Kota Adm. Jakarta Pusat","Tanah Abang",Gelora,-6213994,106798204
2024,"Kota Adm. Jakarta Barat","Taman Sari",Glodok,-6146278,106812754
2024,"Kota Adm. Jakarta Selatan","Kebayoran Baru",Gunung,-6234800,106788432
2024,"Kota Adm. Jakarta Pusat",Kemayoran,"Gunung Sahari Selatan",-6162319,106842265
2024,"Kota Adm. Jakarta Pusat",Kemayoran,"Gunung Sahari Selatan",-6157092,106846986
2024,"Kota Adm. Jakarta Pusat","Sawah Besar","Gunung Sahari Utara",-6152995,106838638
2024,"Kota Adm. Jakarta Pusat","Sawah Besar","Gunung Sahari Utara",-6153002,106838645
2024,"Kota Adm. Jakarta Pusat",Kemayoran,"Harapan Mulya",-6167877,106857622
2024,"Kota Adm. Jakarta Selatan",Jagakarsa,Jagakarsa,-6332747,106817370
2024,"Kota Adm. Jakarta Selatan","Pasar Minggu","Jati Padang",-6285610,106834860
2024,"Kota Adm. Jakarta Barat",Kembangan,Joglo,-6220500,106758900
2024,"Kota Adm. Jakarta Selatan",Pancoran,Kalibata,-6260452,106846903
2024,"Kota Adm. Jakarta Barat",Kalideres,Kalideres,-6149429,106711682
2024,"Kota Adm. Jakarta Utara",Penjaringan,"Kamal Muara",-6098122,106714183
2024,"Kota Adm. Jakarta Utara",Penjaringan,"Kamal Muara",-6098124,106714198
2024,"Kota Adm. Jakarta Pusat","Tanah Abang","Kampung Bali",-6186117,106811091
2024,"Kota Adm. Jakarta Pusat","Tanah Abang","Kampung Bali",-6184936,106812860
2024,"Kota Adm. Jakarta Timur",Jatinegara,"Kampung Melayu",-6216456,106857421
2024,"Kota Adm. Jakarta Pusat","Johar Baru","Kampung Rawa",-6185000,106860000
2024,"Kota Adm. Jakarta Barat",Cengkareng,Kapuk,-6131298,106746082
2024,"Kota Adm. Jakarta Pusat","Sawah Besar","Karang Anyar",-6155767,106828933
2024,"Kota Adm. Jakarta Pusat","Tanah Abang","Karet Tengsin",-6205626,106811009
2024,"Kota Adm. Jakarta Pusat","Tanah Abang","Karet Tengsin",-6205642,106811248
2024,"Kota Adm. Jakarta Pusat","Tanah Abang","Karet Tengsin",-6212001,106814925
2024,"Kota Adm. Jakarta Pusat","Sawah Besar",Kartini,-6155178,106831415
2024,"Kota Adm. Jakarta Pusat","Sawah Besar",Kartini,-6153339,106831681
2024,"Kota Adm. Jakarta Barat","Taman Sari",Keagungan,-6149031,106813084
2024,"Kota Adm. Jakarta Barat","Kebon Jeruk","Kebon Jeruk",-6194400,106784400
2024,"Kota Adm. Jakarta Barat","Kebon Jeruk","Kebon Jeruk",-6192000,106785000
2024,"Kota Adm. Jakarta Barat","Kebon Jeruk","Kebon Jeruk",-6188000,106787500
2024,"Kota Adm. Jakarta Pusat",Kemayoran,"Kebon Kosong",-6159754,106855071
2024,"Kota Adm. Jakarta Pusat",Kemayoran,"Kebon Kosong",-6153246,106858076
2024,"Kota Adm. Jakarta Timur",Matraman,"Kebon Manggis",-6205578,106855678
2024,"Kota Adm. Jakarta Pusat","Tanah Abang","Kebon Melati",-6191972,106811037
2024,"Kota Adm. Jakarta Pusat","Tanah Abang","Kebon Melati",-6197517,106821078
2024,"Kota Adm. Jakarta Pusat",Menteng,"Kebon Sirih",-6184198,106829183
2024,"Kota Adm. Jakarta Barat","Kebon Jeruk","Kedoya Selatan",-6183631,106756812
2024,"Kota Adm. Jakarta Barat","Kebon Jeruk","Kedoya Utara",-6165857,106762902
2024,"Kota Adm. Jakarta Barat","Kebon Jeruk","Kelapa Dua",-6201500,106780800
2024,"Kota Adm. Jakarta Barat","Kebon Jeruk","Kelapa Dua",-6200200,106782100
2024,"Kota Adm. Jakarta Timur",Ciracas,"Kelapa Dua Wetan",-6343959,106884645
2024,"Kota Adm. Jakarta Pusat",Kemayoran,Kemayoran,-6163971,106847811
2024,"Kota Adm. Jakarta Barat",Kembangan,"Kembangan Selatan",-6189305,106720422
2024,"Kota Adm. Jakarta Barat",Kembangan,"Kembangan Selatan",-6185138,106729812
2024,"Kota Adm. Jakarta Barat",Kembangan,"Kembangan Selatan",-6183246,106751758
2024,"Kota Adm. Jakarta Barat",Kembangan,"Kembangan Selatan",-6184890,106753945
2024,"Kota Adm. Jakarta Pusat",Senen,Kenari,-6199700,106849600
2024,"Kota Adm. Jakarta Pusat",Senen,Kenari,-6199000,106850000
2024,"Kota Adm. Jakarta Timur","Duren Sawit",Klender,-6217263,106903684
2024,"Kota Adm. Jakarta Timur","Duren Sawit",Klender,-6219344,106906959
2024,"Kota Adm. Jakarta Timur","Duren Sawit",Klender,-6219319,106912853
2024,"Kota Adm. Jakarta Pusat",Senen,Kramat,-6185179,106847774
2024,"Kota Adm. Jakarta Timur",Kramatjati,Kramatjati,-6285297,106873239
2024,"Kota Adm. Jakarta Barat","Taman Sari",Krukut,-6155482,106816473
2024,"Kota Adm. Jakarta Barat","Taman Sari",Krukut,-6155495,106816498
2024,"Kota Adm. Jakarta Selatan","Mampang Prapatan","Kuningan Barat",-6235233,106818793
2024,"Kota Adm. Jakarta Selatan",Cilandak,"Lebak Bulus",-6304579,106784439
2024,"Kota Adm. Jakarta Selatan",Cilandak,"Lebak Bulus",-6304567,106784483
2024,"Kota Adm. Jakarta Timur",Makasar,Makasar,-6271194,106894547
2024,"Kota Adm. Jakarta Pusat","Sawah Besar","Mangga Dua Selatan",-6173491,106889216
2024,"Kota Adm. Jakarta Selatan",Tebet,Manggarai,-6209834,106850523
2024,"Kota Adm. Jakarta Barat","Taman Sari",Maphar,-6155700,106818462
2024,"Kota Adm. Jakarta Utara",Pademangan,"Pademangan Timur",-6137315,106840332
2024,"Kota Adm. Jakarta Utara",Pademangan,"Pademangan Timur",-6128940,106845678
2024,"Kota Adm. Jakarta Pusat","Sawah Besar","Pasar Baru",-6161633,106834092
2024,"Kota Adm. Jakarta Pusat",Senen,Paseban,-6191782,106853845
2024,"Kota Adm. Jakarta Barat",Kalideres,Pegadungan,-6124765,106697982
2024,"Kota Adm. Jakarta Utara","Kelapa Gading","Pegangsaan Dua",-6148132,106916171
2024,"Kota Adm. Jakarta Utara","Kelapa Gading","Pegangsaan Dua",-6149947,106917667
2024,"Kota Adm. Jakarta Timur","Pasar Rebo",Pekayon,-6347948,106875841
2024,"Kota Adm. Jakarta Selatan","Mampang Prapatan","Pela Mampang",-6185596,106815066
2024,"Kota Adm. Jakarta Selatan","Mampang Prapatan","Pela Mampang",-6243300,106823300
2024,"Kota Adm. Jakarta Selatan",Pancoran,Pengadegan,-6251315,106861639
2024,"Kota Adm. Jakarta Utara",Penjaringan,Penjaringan,-6132554,106781685
2024,"Kota Adm. Jakarta Utara",Penjaringan,Penjaringan,-6222643,106833510
2024,"Kota Adm. Jakarta Pusat","Tanah Abang",Petamburan,-6193107,106807957
2024,"Kota Adm. Jakarta Pusat","Tanah Abang",Petamburan,-6193109,106807962
2024,"Kota Adm. Jakarta Selatan","Kebayoran Baru",Petogogan,-6244265,106813506
2024,"Kota Adm. Jakarta Pusat",Gambir,"Petojo Utara",-6170490,106813488
2024,"Kota Adm. Jakarta Pusat",Gambir,"Petojo Utara",-6170492,106819228
2024,"Kota Adm. Jakarta Pusat",Gambir,"Petojo Utara",-6170485,106819291
2024,"Kota Adm. Jakarta Utara",Penjaringan,Pluit,-6108098,106769752
2024,"Kota Adm. Jakarta Timur","Duren Sawit","Pondok Kelapa",-6240000,106930000
2024,"Kota Adm. Jakarta Timur","Duren Sawit","Pondok Kopi",-6232401,106942957
2024,"Kota Adm. Jakarta Selatan",Cilandak,"Pondok Labu",-6306464,106798521
2024,"Kota Adm. Jakarta Timur",Ciracas,Rambutan,-6301845,106872099
2024,"Kota Adm. Jakarta Timur",Cakung,"Rawa Terate",-6185812,106922767
2024,"Kota Adm. Jakarta Pusat","Cempaka Putih",Rawasari,-6193721,106857843
2024,"Kota Adm. Jakarta Pusat","Cempaka Putih",Rawasari,-6188808,106870325
2024,"Kota Adm. Jakarta Pusat","Cempaka Putih",Rawasari,-6187052,106874630
2024,"Kota Adm. Jakarta Barat",Kalideres,Semanan,-6149430,106711681
2024,"Kota Adm. Jakarta Pusat",Senen,Senen,-6181047,106835454
2024,"Kota Adm. Jakarta Pusat",Kemayoran,Serdang,-6153518,106857110
2024,"Kota Adm. Jakarta Pusat",Kemayoran,Serdang,-6155041,106859323
2024,"Kota Adm. Jakarta Pusat",Kemayoran,Serdang,-6156895,106861167
2024,"Kota Adm. Jakarta Pusat",Kemayoran,Serdang,-6159361,106863941
2024,"Kota Adm. Jakarta Barat",Kembangan,Srengseng,-6123770,106715936
2024,"Kota Adm. Jakarta Barat","Kebon Jeruk","Sukabumi Selatan",-6219514,106770077
2024,"Kota Adm. Jakarta Barat","Kebon Jeruk","Sukabumi Utara",-6217800,106781500
2024,"Kota Adm. Jakarta Barat","Kebon Jeruk","Sukabumi Utara",-6218500,106782000
2024,"Kota Adm. Jakarta Barat","Kebon Jeruk","Sukabumi Utara",-6220000,106782500
2024,"Kota Adm. Jakarta Pusat",Kemayoran,"Sumur Batu",-6166934,106873935
2024,"Kota Adm. Jakarta Utara","Tanjung Priok","Sunter Agung",-6147667,106854893
2024,"Kota Adm. Jakarta Utara","Tanjung Priok","Sunter Agung",-6126866,106857188
2024,"Kota Adm. Jakarta Timur",Ciracas,Susukan,-6307380,106868174
2024,"Kota Adm. Jakarta Barat","Taman Sari","Taman Sari",-6150654,106823277
2024,"Kota Adm. Jakarta Pusat","Johar Baru","Tanah Tinggi",-6179500,106865500
2024,"Kota Adm. Jakarta Pusat","Johar Baru","Tanah Tinggi",-6180000,106866000
2024,"Kota Adm. Jakarta Selatan",Jagakarsa,"Tanjung Barat",-6309537,106850701
2024,"Kota Adm. Jakarta Barat","Grogol Petamburan","Tanjung Duren Utara",-6152345,106742567
2024,"Kota Adm. Jakarta Selatan","Mampang Prapatan","Tegal Parang",-6251000,106829400
2024,"Kota Adm. Jakarta Selatan","Mampang Prapatan","Tegal Parang",-6249880,106833540
2024,"Kota Adm. Jakarta Timur",Kramatjati,Tengah,-6289985,106864540
2024,"Kota Adm. Jakarta Utara",Koja,"Tugu Utara",-6121722,106913180
2024,"Kota Adm. Jakarta Pusat",Kemayoran,"Utan Panjang",-6165459,106852223
2024,"Kota Adm. Jakarta Pusat",Kemayoran,"Utan Panjang",-6170706,106865251
