periode_data,wilayah,jenis_bencana,jumlah_kejadian_bencana,jumlah_korban_meninggal,jumlah_korban_luka_luka
2022,"JAKARTA PUSAT",BANJIR,5,0,0
2022,"JAKARTA PUSAT","POHON TUMBANG",27,0,6
2022,"JAKARTA UTARA",BANJIR,38,0,0
2022,"JAKARTA UTARA","POHON TUMBANG",29,0,0
2022,"JAKARTA UTARA","ANGING KENCANG",1,0,0
2022,"JAKARTA BARAT",BANJIR,59,0,0
2022,"JAKARTA BARAT","POHON TUMBANG",39,0,1
2022,"JAKARTA SELATAN","POHON TUMBANG",147,1,5
2022,"JAKARTA TIMUR",BANJIR,59,0,0
2022,"JAKARTA TIMUR","POHON TUMBANG",132,0,2
2022,"JAKARTA SELATAN",BANJIR,64,1,0
2022,"JAKARTA SELATAN","ANGING KENCANG",6,0,0
2022,"JAKARTA TIMUR","ANGING KENCANG",5,0,10
2022,"KEPULAUAN SERIBU","POHON TUMBANG",4,0,0
2022,"JAKARTA SELATAN","TANAH LONGSOR",11,0,1
2022,"JAKARTA TIMUR","TANAH LONGSOR",3,0,0
2022,"KEPULAUAN SERIBU","ANGING KENCANG",1,0,0
2023,"JAKARTA PUSAT",BANJIR,1,0,0
2023,"JAKARTA PUSAT","POHON TUMBANG",20,0,3
2023,"JAKARTA UTARA",BANJIR,7,0,0
2023,"JAKARTA UTARA","POHON TUMBANG",36,0,4
2023,"JAKARTA UTARA","ANGING KENCANG",1,0,0
2023,"JAKARTA BARAT",BANJIR,27,0,0
2023,"JAKARTA BARAT","POHON TUMBANG",39,0,0
2023,"JAKARTA BARAT","TANAH LONGSOR",3,0,0
2023,"JAKARTA SELATAN",BANJIR,32,0,0
2023,"JAKARTA SELATAN","POHON TUMBANG",101,0,1
2023,"JAKARTA SELATAN","TANAH LONGSOR",16,0,0
2023,"JAKARTA SELATAN","ANGING KENCANG",3,0,0
2023,"JAKARTA TIMUR",BANJIR,34,0,0
2023,"JAKARTA TIMUR","POHON TUMBANG",37,0,1
2023,"JAKARTA TIMUR","TANAH LONGSOR",3,1,2
2023,"KEPULAUAN SERIBU","POHON TUMBANG",1,0,0
