periode_data,bulan,wilayah,kecamatan,kelurahan,tanggal_pelaksanaan,persentase_pendampingan
202303,januari,"jakarta barat",tambora,kalianyar,"3 dan 4 januari",100%
202303,januari,"jakarta selatan","kebayoran baru","cipete utara","27 januari",100%
202303,februari,"jakarta barat",palmerah,palmerah,"21 februari",100%
202303,maret,"jakarta pusat",gambir,"petojo selatan","01 maret ",100%
202303,maret,"jakarta utara",koja,"rawa badak selatan","5 6 dan 7 maret",100%
202306,april,"jakarta barat","kebon jeruk","kedoya utara",06-Apr,100%
202306,april,"jakarta utara",pademangan,pademangan,08-Apr,100%
202306,april,"jakarta utara",penjaringan,pluit,22-Apr,100%
202306,april,"jakarta barat",cengkareng,"cengkareng timur",21-Apr,100%
202306,mei,"jakarta selatan",tebet,"kebon baru","04 Mei",100%
202306,mei,"jakarta utara",penjaringan,penjaringan,"20 Mei",100%
202306,juni,"jakarta timur","pulo gadung","pulo gadung","08 Juni",100%
202306,juni,"jakarta timur","pulo gadung","pisangan timur","11 Juni",100%
202309,07,"jakarta timur",cakung,jatinegara,"02 juli",100%
202309,07,"jakarta selatan",setiabudi,"menteng atas","07 juli",100%
202309,07,"jakarta barat",tambora,"duri utara","08 juli",100%
202309,07,"jakarta selatan",setiabudi,"karet kuningan","21 juli",100%
202309,07,"jakarta utara",penjaringan,"kapuk muara","30 juli",100%
202309,08,"jakarta barat",cengkareng,"rawa buaya","22 agustus",100%
202309,08,"jakarta pusat",gambir,"petojo selatan","23 agustus",100%
202309,09,"jakarta barat",tambora,krendang,08-Sep,100%
202312,10,nihil,nihil,nihil,nihil,nihil
202312,11,nihil,nihil,nihil,nihil,nihil
202312,12,"jakarta barat",tambora,"jembatan lima","03 desember",100%
202312,12,"jakarta selatan",tebet,manggarai,"14 desember",100%
202312,12,"jakarta pusat",senen,kwitang,"18 desember",100%
