periode_data,jadwal_kegiatan,wilayah,kecamatan,kelurahan,lokasi_pelaksanaan,jumlah_orang_yg_dilatih,materi_yang_diberikan
2025,2025-09-03,"KOTA ADM. JAKARTA PUSAT",KEMAYORAN,SERDANG,"JL. SERDANG BARU 1, SERDANG, KEMAYORAN",50,"POTENSI MEGATHRUST 
TEKNIK EVAKUASI GEMPA BUMI
SIMULASI GEMPA BUMI"
2025,2025-10-22,"KOTA ADM. JAKARTA PUSAT","TANAH ABANG","KARET TENGSIN","GEDUNG MENARA ASTRAJL. JEND. SUDIRMAN KAV 5 - 6",40,"POTENSI MEGATHRUST 
TEKNIK EVAKUASI GEMPA BUMI
SIMULASI GEMPA BUMI"
2025,2025-01-20,"KOTA ADM. JAKARTA PUSAT","TANAH ABANG",GELORA,"JL. ASIA AFRIKA NO.8, GELORA, KECAMATAN TANAH ABANG, JAKARTA ",70,"POTENSI MEGATHRUST 
TEKNIK EVAKUASI GEMPA BUMI
SIMULASI GEMPA BUMI"
2025,2025-01-31,"KOTA ADM. JAKARTA PUSAT",SENEN,PASEBAN,"JL. SALEMBA TENGAH NO.36 38, RT.2/RW.4, PASEBAN, SENEN,JAKARTA PUSAT",70,"POTENSI MEGATHRUST 
TEKNIK EVAKUASI GEMPA BUMI
SIMULASI GEMPA BUMI"
2025,2025-09-30,"KOTA ADM. JAKARTA PUSAT","TANAH ABANG","BENDUNGAN HILIR","JL. DANAU TOBA NO.1 BLOK A, RT.20/RW.4, BEND. HILIR, KECAMATAN TANAH ABANG, KOTA JAKARTA PUSAT, DAERAH KHUSUS IBUKOTA JAKARTA 10210",30,"POTENSI MEGATHRUST 
TEKNIK EVAKUASI GEMPA BUMI
SIMULASI GEMPA BUMI"
2025,2025-02-05,"KOTA ADM. JAKARTA PUSAT","TANAH ABANG","BENDUNGAN HILIR","JL. JENDERAL SUDIRMAN KAV.44-46. JAKARTA",60,"POTENSI MEGATHRUST 
TEKNIK EVAKUASI GEMPA BUMI
SIMULASI GEMPA BUMI"
2025,2025-10-01,"KOTA ADM. JAKARTA PUSAT","TANAH ABANG","KEBON KACANG","JL. K.H. MAS MANSYUR NO.30, RT.5/RW.7, KB. KACANG, KECAMATAN TANAH ABANG, KOTA JAKARTA PUSAT, DAERAH KHUSUS IBUKOTA JAKARTA 10240",30,"POTENSI MEGATHRUST 
TEKNIK EVAKUASI GEMPA BUMI
SIMULASI GEMPA BUMI"
2025,2025-10-03,"KOTA ADM. JAKARTA PUSAT",SENEN,PASEBAN,"JL. SALEMBA TENGAH NO.13, PASEBAN, KEC. SENEN, KOTA JAKARTA PUSAT, DAERAH KHUSUS IBUKOTA JAKARTA 10440",30,"POTENSI MEGATHRUST 
TEKNIK EVAKUASI GEMPA BUMI
SIMULASI GEMPA BUMI"
2025,2025-02-18,"KOTA ADM. JAKARTA PUSAT",GAMBIR,"PETOJO SELATAN","JL ABDUL MUIS NO. 08 JAKARTA 10160 JAKARTA PUSAT",50,"POTENSI MEGATHRUST 
TEKNIK EVAKUASI GEMPA BUMI"
2025,2025-10-08,"KOTA ADM. JAKARTA PUSAT",GAMBIR,GAMBIR,"JL. MEDAN MERDEKA  SEL. NO.8-9 11, RT.11/RW.2 · (021) 3822255",45,"MANAJEMEN BENCANA,KESIAPSIAGAAN GEMPABUMI, MITIGASI DAN ADAPTASI PERUBAHAN IKLIM, DAN PERTOLONGAN PERTAMA"
2025,2025-04-28,"KOTA ADM. JAKARTA PUSAT",MENTENG,MENTENG,"THE CITY TOWER JL. MH THAMRIN NO.81, DUKUH ATAS, MENTENG, KEC. MENTENG, KOTA JAKARTA PUSAT, DAERAH KHUSUS IBUKOTA JAKARTA 10310",50,"KESIAPSIAGAAN BANJIR PADA GEDUNG"
2025,2025-07-23,"KOTA ADM. JAKARTA PUSAT",MENTENG,MENTENG,"JL. MH THAMRIN NO.81, DUKUH ATAS, MENTENG, KEC. MENTENG, KOTA JAKARTA PUSAT, DAERAH KHUSUS IBUKOTA JAKARTA 10310",40,"POTENSI MEGATHRUST 
TEKNIK EVAKUASI GEMPA BUMI
SIMULASI GEMPA BUMI"
2025,2025-08-05,"KOTA ADM. JAKARTA PUSAT",GAMBIR,CIDENG,"JL. KYAI CARINGIN NO.7, RT.11/RW.4, CIDENG, KECAMATAN GAMBIR, KOTA JAKARTA PUSAT, DAERAH KHUSUS IBUKOTA JAKARTA 10150",40,"""POTENSI MEGATHRUST 
TEKNIK EVAKUASI GEMPA BUMI
SIMULASI GEMPA BUMI"
2025,2025-09-26,"KOTA ADM. JAKARTA PUSAT",MENTENG,GONDANGDIA,"JL. M.H. THAMRIN NO.20 8, RT.9/RW.4, GONDANGDIA, KEC. MENTENG, KOTA JAKARTA PUSAT, DAERAH KHUSUS IBUKOTA JAKARTA 10350",30,"POTENSI MEGATHRUST 
TEKNIK EVAKUASI GEMPA BUMI
SIMULASI GEMPA BUMI"
2025,2025-09-15,"KOTA ADM. JAKARTA PUSAT",KEMAYORAN,SERDANG,"JL. SERDANG BARU I, SERDANG, KEC. KEMAYORAN, KOTA JAKARTA PUSAT, DAERAH KHUSUS IBUKOTA JAKARTA 10650",30,"POTENSI MEGATHRUST 
TEKNIK EVAKUASI GEMPA BUMI
SIMULASI GEMPA BUMI"
2025,2025-10-21,"KOTA ADM. JAKARTA PUSAT","SAWAH BESAR","KARANG ANYAR","JL. G. RAYA, RT.12/RW.12, KARANG ANYAR, KECAMATAN SAWAH BESAR, KOTA JAKARTA PUSAT, DAERAH KHUSUS IBUKOTA JAKARTA 10740",45,"MANAJEMEN BENCANA,KESIAPSIAGAAN GEMPABUMI, MITIGASI DAN ADAPTASI PERUBAHAN IKLIM, DAN PERTOLONGAN PERTAMA"
2025,2025-10-22,"KOTA ADM. JAKARTA PUSAT","CEMPAKA PUTIH","CEMPAKA PUTIH BARAT","JL. JATI RAWASARI, RT.6/RW.13, RAWASARI, JAKARTA, KOTA JAKARTA PUSAT, DAERAH KHUSUS IBUKOTA JAKARTA 10520",45,"MANAJEMEN BENCANA,KESIAPSIAGAAN GEMPABUMI, MITIGASI DAN ADAPTASI PERUBAHAN IKLIM, DAN PERTOLONGAN PERTAMA"
2025,2025-10-27,"KOTA ADM. JAKARTA PUSAT",GAMBIR,"PETOJO UTARA","JL. KYAI HAJI ZAINUL ARIFIN NO.71, RT.10/RW.10, PETOJO UTARA, KECAMATAN GAMBIR, KOTA JAKARTA PUSAT, DAERAH KHUSUS IBUKOTA JAKARTA 10130",45,"MANAJEMEN BENCANA,KESIAPSIAGAAN GEMPABUMI, MITIGASI DAN ADAPTASI PERUBAHAN IKLIM, DAN PERTOLONGAN PERTAMA"
2025,2025-11-28,"KOTA ADM. JAKARTA PUSAT",KEMAYORAN,"GUNUNG SAHARI SELATAN","JALAN BUNGUR BESAR RAYA NO.24, 26, 28, RT.28/RW.1, GN. SAHARI SEL., KEC. KEMAYORAN, DAERAH KHUSUS IBUKOTA JAKARTA 10610",50,"POTENSI MEGATHRUST 
TEKNIK EVAKUASI GEMPA BUMI
SIMULASI GEMPA BUMI"
2025,2025-06-23,"KOTA ADM. JAKARTA PUSAT",GAMBIR,"PETOJO UTARA","BPBD PROVINSI DKI JAKARTA",40,"A. MANAJEMEN BENCANA DAN ADAPTASI PERUBAHAN IKLIM, KESIAPSIAGAAN GEMPA BUMI
B. PERTOLONGAN PERTAMA"
2025,2025-07-02,"KOTA ADM. JAKARTA PUSAT",GAMBIR,"PETOJO UTARA","KANTOR BPBD DKI JAKARTA",40,"MANAJEMEN BENCANA DAN ADAPTASI PERUBAHAN IKLIM, KESIAPSIAGAAN GEMPA BUMI PADA PESERTA DISABILITAS"
2025,2025-07-08,"KOTA ADM. JAKARTA PUSAT","TANAH ABANG","BENDUNGAN HILIR","RPTRA MELATI",40,"A. MANAJEMEN BENCANA DAN ADAPTASI PERUBAHAN IKLIM, KESIAPSIAGAAN GEMPA BUMI
B. PERTOLONGAN PERTAMA"
2025,2025-01-02,"KOTA ADM. JAKARTA PUSAT",GAMBIR,"PETOJO UTARA","JL. KYAI HAJI ZAINUL ARIFIN NO.71",2,"EDUKASI GEMPA BUMI EDUKASI P3K EDUKASI PEMADAM KEBAKARAN EDUKASI BANJIR EDUKASI ASAP KEBAKARAN TAS SIAGA BENCANA"
2025,2025-01-03,"KOTA ADM. JAKARTA PUSAT",GAMBIR,"PETOJO UTARA","JL. KYAI HAJI ZAINUL ARIFIN NO.71",3,"EDUKASI GEMPA BUMI EDUKASI P3K EDUKASI PEMADAM KEBAKARAN EDUKASI BANJIR EDUKASI ASAP KEBAKARAN TAS SIAGA BENCANA"
2025,2025-01-06,"KOTA ADM. JAKARTA PUSAT",GAMBIR,"PETOJO UTARA","JL. KYAI HAJI ZAINUL ARIFIN NO.71",4,"EDUKASI GEMPA BUMI EDUKASI P3K EDUKASI PEMADAM KEBAKARAN EDUKASI BANJIR EDUKASI ASAP KEBAKARAN TAS SIAGA BENCANA"
2025,2025-01-08,"KOTA ADM. JAKARTA PUSAT",GAMBIR,"PETOJO UTARA","JL. KYAI HAJI ZAINUL ARIFIN NO.71",3,"EDUKASI GEMPA BUMI EDUKASI P3K EDUKASI PEMADAM KEBAKARAN EDUKASI BANJIR EDUKASI ASAP KEBAKARAN TAS SIAGA BENCANA"
2025,2025-01-09,"KOTA ADM. JAKARTA PUSAT",GAMBIR,"PETOJO UTARA","JL. KYAI HAJI ZAINUL ARIFIN NO.71",6,"EDUKASI GEMPA BUMI EDUKASI P3K EDUKASI PEMADAM KEBAKARAN EDUKASI BANJIR EDUKASI ASAP KEBAKARAN TAS SIAGA BENCANA"
2025,2025-01-10,"KOTA ADM. JAKARTA PUSAT",GAMBIR,"PETOJO UTARA","JL. KYAI HAJI ZAINUL ARIFIN NO.71",16,"EDUKASI GEMPA BUMI EDUKASI P3K EDUKASI PEMADAM KEBAKARAN EDUKASI BANJIR EDUKASI ASAP KEBAKARAN TAS SIAGA BENCANA
"
2025,2025-01-13,"KOTA ADM. JAKARTA PUSAT",GAMBIR,"PETOJO UTARA","JL. KYAI HAJI ZAINUL ARIFIN NO.71",6,"EDUKASI GEMPA BUMI EDUKASI P3K EDUKASI PEMADAM KEBAKARAN EDUKASI BANJIR EDUKASI ASAP KEBAKARAN TAS SIAGA BENCANA
"
2025,2025-02-03,"KOTA ADM. JAKARTA PUSAT",GAMBIR,"PETOJO UTARA","JL. KYAI HAJI ZAINUL ARIFIN NO.71				 				",37,"EDUKASI GEMPA BUMI EDUKASI P3K EDUKASI PEMADAM KEBAKARAN EDUKASI BANJIR EDUKASI ASAP KEBAKARAN TAS SIAGA BENCANA"
2025,2025-01-14,"KOTA ADM. JAKARTA PUSAT",GAMBIR,"PETOJO UTARA","JL. KYAI HAJI ZAINUL ARIFIN NO.71",12,"EDUKASI GEMPA BUMI EDUKASI P3K EDUKASI PEMADAM KEBAKARAN EDUKASI BANJIR EDUKASI ASAP KEBAKARAN TAS SIAGA BENCANA"
2025,2025-01-15,"KOTA ADM. JAKARTA PUSAT",GAMBIR,"PETOJO UTARA","JL. KYAI HAJI ZAINUL ARIFIN NO.71",2,"EDUKASI GEMPA BUMI EDUKASI P3K EDUKASI PEMADAM KEBAKARAN EDUKASI BANJIR EDUKASI ASAP KEBAKARAN TAS SIAGA BENCANA"
2025,2025-02-03,"KOTA ADM. JAKARTA PUSAT",GAMBIR,"PETOJO UTARA","JL. KYAI HAJI ZAINUL ARIFIN NO.71",31,"EDUKASI GEMPA BUMI EDUKASI P3K EDUKASI PEMADAM KEBAKARAN EDUKASI BANJIR EDUKASI ASAP KEBAKARAN TAS SIAGA BENCANA"
2025,2025-02-04,"KOTA ADM. JAKARTA PUSAT",GAMBIR,"PETOJO UTARA","JL. KYAI HAJI ZAINUL ARIFIN NO.71",63,"EDUKASI GEMPA BUMI EDUKASI P3K EDUKASI PEMADAM KEBAKARAN EDUKASI BANJIR EDUKASI ASAP KEBAKARAN TAS SIAGA BENCANA"
2025,2025-01-16,"KOTA ADM. JAKARTA PUSAT",GAMBIR,"PETOJO UTARA","JL. KYAI HAJI ZAINUL ARIFIN NO.71",2,"EDUKASI GEMPA BUMI EDUKASI P3K EDUKASI PEMADAM KEBAKARAN EDUKASI BANJIR EDUKASI ASAP KEBAKARAN TAS SIAGA BENCANA"
2025,2025-01-17,"KOTA ADM. JAKARTA PUSAT",GAMBIR,"PETOJO UTARA","JL. KYAI HAJI ZAINUL ARIFIN NO.71",2,"EDUKASI GEMPA BUMI EDUKASI P3K EDUKASI PEMADAM KEBAKARAN EDUKASI BANJIR EDUKASI ASAP KEBAKARAN TAS SIAGA BENCANA
"
2025,2025-02-05,"KOTA ADM. JAKARTA PUSAT",GAMBIR,"PETOJO UTARA","JL. KYAI HAJI ZAINUL ARIFIN NO.71",129,"EDUKASI GEMPA BUMI EDUKASI P3K EDUKASI PEMADAM KEBAKARAN EDUKASI BANJIR EDUKASI ASAP KEBAKARAN TAS SIAGA BENCANA"
2025,2025-02-06,"KOTA ADM. JAKARTA PUSAT",GAMBIR,"PETOJO UTARA","JL. KYAI HAJI ZAINUL ARIFIN NO.71",56,"EDUKASI GEMPA BUMI EDUKASI P3K EDUKASI PEMADAM KEBAKARAN EDUKASI BANJIR EDUKASI ASAP KEBAKARAN TAS SIAGA BENCANA"
2025,2025-02-07,"KOTA ADM. JAKARTA PUSAT",GAMBIR,"PETOJO UTARA","JL. KYAI HAJI ZAINUL ARIFIN NO.71",54,"EDUKASI GEMPA BUMI EDUKASI P3K EDUKASI PEMADAM KEBAKARAN EDUKASI BANJIR EDUKASI ASAP KEBAKARAN TAS SIAGA BENCANA"
2025,2025-02-10,"KOTA ADM. JAKARTA PUSAT",GAMBIR,"PETOJO UTARA","JL. KYAI HAJI ZAINUL ARIFIN NO.71",8,"EDUKASI GEMPA BUMI EDUKASI P3K EDUKASI PEMADAM KEBAKARAN EDUKASI BANJIR EDUKASI ASAP KEBAKARAN TAS SIAGA BENCANA"
2025,2025-02-11,"KOTA ADM. JAKARTA PUSAT",GAMBIR,"PETOJO UTARA","JL. KYAI HAJI ZAINUL ARIFIN NO.71",41,"EDUKASI GEMPA BUMI EDUKASI P3K EDUKASI PEMADAM KEBAKARAN EDUKASI BANJIR EDUKASI ASAP KEBAKARAN TAS SIAGA BENCANA"
2025,2025-02-12,"KOTA ADM. JAKARTA PUSAT",GAMBIR,"PETOJO UTARA","JL. KYAI HAJI ZAINUL ARIFIN NO.71",71,"EDUKASI GEMPA BUMI EDUKASI P3K EDUKASI PEMADAM KEBAKARAN EDUKASI BANJIR EDUKASI ASAP KEBAKARAN TAS SIAGA BENCANA"
2025,2025-02-13,"KOTA ADM. JAKARTA PUSAT",GAMBIR,"PETOJO UTARA","JL. KYAI HAJI ZAINUL ARIFIN NO.71",102,"EDUKASI GEMPA BUMI EDUKASI P3K EDUKASI PEMADAM KEBAKARAN EDUKASI BANJIR EDUKASI ASAP KEBAKARAN TAS SIAGA BENCANA"
2025,2025-02-14,"KOTA ADM. JAKARTA PUSAT",GAMBIR,"PETOJO UTARA","JL. KYAI HAJI ZAINUL ARIFIN NO.71	",27,"EDUKASI GEMPA BUMI EDUKASI P3K EDUKASI PEMADAM KEBAKARAN EDUKASI BANJIR EDUKASI ASAP KEBAKARAN TAS SIAGA BENCANA"
2025,2025-02-17,"KOTA ADM. JAKARTA PUSAT",GAMBIR,"PETOJO UTARA"," JL. KYAI HAJI ZAINUL ARIFIN NO.71				",5,"EDUKASI GEMPA BUMI EDUKASI P3K EDUKASI PEMADAM KEBAKARAN EDUKASI BANJIR EDUKASI ASAP KEBAKARAN TAS SIAGA BENCANA"
2025,2025-01-20,"KOTA ADM. JAKARTA PUSAT",GAMBIR,"PETOJO UTARA","JL. KYAI HAJI ZAINUL ARIFIN NO.71",86,"EDUKASI GEMPA BUMI EDUKASI P3K EDUKASI PEMADAM KEBAKARAN EDUKASI BANJIR EDUKASI ASAP KEBAKARAN TAS SIAGA BENCANA"
2025,2025-02-18,"KOTA ADM. JAKARTA PUSAT",GAMBIR,"PETOJO UTARA","JL. KYAI HAJI ZAINUL ARIFIN NO.71",55,"EDUKASI GEMPA BUMI EDUKASI P3K EDUKASI PEMADAM KEBAKARAN EDUKASI BANJIR EDUKASI ASAP KEBAKARAN TAS SIAGA BENCANA"
2025,2025-01-21,"KOTA ADM. JAKARTA PUSAT",GAMBIR,"PETOJO UTARA","RUANG LITERASI KEBENCANAAN",80,"EDUKASI GEMPA BUMI EDUKASI P3K EDUKASI PEMADAM KEBAKARAN EDUKASI BANJIR EDUKASI ASAP KEBAKARAN TAS SIAGA BENCANA

"
2025,2025-01-22,"KOTA ADM. JAKARTA PUSAT",GAMBIR,"PETOJO UTARA","RUANG LITERASI KEBENCANAAN",90,"EDUKASI GEMPA BUMI EDUKASI P3K EDUKASI PEMADAM KEBAKARAN EDUKASI BANJIR EDUKASI ASAP KEBAKARAN TAS SIAGA BENCANA
"
2025,2025-01-23,"KOTA ADM. JAKARTA PUSAT",GAMBIR,"PETOJO UTARA","JL. KYAI HAJI ZAINUL ARIFIN NO.71",105,"EDUKASI GEMPA BUMI EDUKASI P3K EDUKASI PEMADAM KEBAKARAN EDUKASI BANJIR EDUKASI ASAP KEBAKARAN TAS SIAGA BENCANA
"
2025,2025-01-21,"KOTA ADM. JAKARTA PUSAT",GAMBIR,"PETOJO UTARA","JL. KYAI HAJI ZAINUL ARIFIN NO.71",80,"EDUKASI GEMPA BUMI EDUKASI P3K EDUKASI PEMADAM KEBAKARAN EDUKASI BANJIR EDUKASI ASAP KEBAKARAN TAS SIAGA BENCANA"
2025,2025-02-19,"KOTA ADM. JAKARTA PUSAT",GAMBIR,"PETOJO UTARA","JL. KYAI HAJI ZAINUL ARIFIN NO.71",79,"EDUKASI GEMPA BUMI EDUKASI P3K EDUKASI PEMADAM KEBAKARAN EDUKASI BANJIR EDUKASI ASAP KEBAKARAN TAS SIAGA BENCANA"
2025,2025-07-19,"KOTA ADM. JAKARTA PUSAT","CEMPAKA PUTIH","CEMPAKA PUTIH TIMUR","AUDITORIUM KH AHMAD AZHAR BASYIR FIK UMJ (CEMPAKA PUTIH)",40,"A. MANAJEMEN BENCANA DAN ADAPTASI PERUBAHAN IKLIM, KESIAPSIAGAAN GEMPA BUMI
B. PERTOLONGAN PERTAMA"
2025,2025-01-24,"KOTA ADM. JAKARTA PUSAT",GAMBIR,"PETOJO UTARA","JL. KYAI HAJI ZAINUL ARIFIN NO.71",76,"EDUKASI GEMPA BUMI EDUKASI P3K EDUKASI PEMADAM KEBAKARAN EDUKASI BANJIR EDUKASI ASAP KEBAKARAN TAS SIAGA BENCANA"
2025,2025-02-20,"KOTA ADM. JAKARTA PUSAT",GAMBIR,"PETOJO UTARA","JL. KYAI HAJI ZAINUL ARIFIN NO.71",100,"EDUKASI GEMPA BUMI EDUKASI P3K EDUKASI PEMADAM KEBAKARAN EDUKASI BANJIR EDUKASI ASAP KEBAKARAN TAS SIAGA BENCANA"
2025,2025-01-30,"KOTA ADM. JAKARTA PUSAT",GAMBIR,"PETOJO UTARA","JL. KYAI HAJI ZAINUL ARIFIN NO.71",72,"EDUKASI GEMPA BUMI EDUKASI P3K EDUKASI PEMADAM KEBAKARAN EDUKASI BANJIR EDUKASI ASAP KEBAKARAN TAS SIAGA BENCANA"
2025,2025-02-21,"KOTA ADM. JAKARTA PUSAT",GAMBIR,"PETOJO UTARA","JL. KYAI HAJI ZAINUL ARIFIN NO.71",45,"EDUKASI GEMPA BUMI EDUKASI P3K EDUKASI PEMADAM KEBAKARAN EDUKASI BANJIR EDUKASI ASAP KEBAKARAN TAS SIAGA BENCANA"
2025,2025-01-31,"KOTA ADM. JAKARTA PUSAT",GAMBIR,"PETOJO UTARA","JL. KYAI HAJI ZAINUL ARIFIN NO.71",88,"EDUKASI GEMPA BUMI EDUKASI P3K EDUKASI PEMADAM KEBAKARAN EDUKASI BANJIR EDUKASI ASAP KEBAKARAN TAS SIAGA BENCANA
"
2025,2025-07-21,"KOTA ADM. JAKARTA PUSAT",GAMBIR,"PETOJO UTARA","KANTOR BPBD DKI JAKARTA",40,"MANAJEMEN BENCANA DAN ADAPTASI PERUBAHAN IKLIM, KESIAPSIAGAAN GEMPA BUMI BAGI PENYANDANG DISABILITAS"
2025,2025-02-24,"KOTA ADM. JAKARTA PUSAT",GAMBIR,"PETOJO UTARA","JL. KYAI HAJI ZAINUL ARIFIN NO.71",84,"EDUKASI GEMPA BUMI EDUKASI P3K EDUKASI PEMADAM KEBAKARAN EDUKASI BANJIR EDUKASI ASAP KEBAKARAN TAS SIAGA BENCANA"
2025,2025-02-25,"KOTA ADM. JAKARTA PUSAT",GAMBIR,"PETOJO UTARA","JL. KYAI HAJI ZAINUL ARIFIN NO.71",51,"EDUKASI GEMPA BUMI EDUKASI P3K EDUKASI PEMADAM KEBAKARAN EDUKASI BANJIR EDUKASI ASAP KEBAKARAN TAS SIAGA BENCANA"
2025,2025-03-03,"KOTA ADM. JAKARTA PUSAT",GAMBIR,"PETOJO UTARA","JL. KYAI HAJI ZAINUL ARIFIN NO.71",8,"EDUKASI GEMPA BUMI EDUKASI P3K EDUKASI PEMADAM KEBAKARAN EDUKASI BANJIR EDUKASI ASAP KEBAKARAN TAS SIAGA BENCANA
"
2025,2025-03-04,"KOTA ADM. JAKARTA PUSAT",GAMBIR,"PETOJO UTARA","JL. KYAI HAJI ZAINUL ARIFIN NO.71",39,"EDUKASI GEMPA BUMI EDUKASI P3K EDUKASI PEMADAM KEBAKARAN EDUKASI BANJIR EDUKASI ASAP KEBAKARAN TAS SIAGA BENCANA"
2025,2025-02-26,"KOTA ADM. JAKARTA PUSAT",GAMBIR,"PETOJO UTARA","JL. KYAI HAJI ZAINUL ARIFIN NO.71",98,"EDUKASI GEMPA BUMI EDUKASI P3K EDUKASI PEMADAM KEBAKARAN EDUKASI BANJIR EDUKASI ASAP KEBAKARAN TAS SIAGA BENCANA"
2025,2025-03-05,"KOTA ADM. JAKARTA PUSAT",GAMBIR,"PETOJO UTARA","JL. KYAI HAJI ZAINUL ARIFIN NO.71",31,"EDUKASI GEMPA BUMI EDUKASI P3K EDUKASI PEMADAM KEBAKARAN EDUKASI BANJIR EDUKASI ASAP KEBAKARAN TAS SIAGA BENCANA"
2025,2025-03-06,"KOTA ADM. JAKARTA PUSAT",GAMBIR,"PETOJO UTARA","JL. KYAI HAJI ZAINUL ARIFIN NO.71",34,"EDUKASI GEMPA BUMI EDUKASI P3K EDUKASI PEMADAM KEBAKARAN EDUKASI BANJIR EDUKASI ASAP KEBAKARAN TAS SIAGA BENCANA
"
2025,2025-02-27,"KOTA ADM. JAKARTA PUSAT",GAMBIR,"PETOJO UTARA","JL.KYAI HAJI ZAINJUL ARIFIN NO.71",6,"EDUKASI GEMPA BUMI EDUKASI P3K EDUKASI PEMADAM KEBAKARAN EDUKASI BANJIR EDUKASI ASAP KEBAKARAN TAS SIAGA BENCANA"
2025,2025-03-07,"KOTA ADM. JAKARTA PUSAT",GAMBIR,"PETOJO UTARA","JL. KYAI HAJI ZAINUL ARIFIN NO.71",6,"EDUKASI GEMPA BUMI EDUKASI P3K EDUKASI PEMADAM KEBAKARAN EDUKASI BANJIR EDUKASI ASAP KEBAKARAN TAS SIAGA BENCANA
"
2025,2025-02-28,"KOTA ADM. JAKARTA PUSAT",GAMBIR,"PETOJO UTARA","JL.KYAI HAJI ZAINJUL ARIFIN NO.71",2,"EDUKASI GEMPA BUMI EDUKASI P3K EDUKASI PEMADAM KEBAKARAN EDUKASI BANJIR EDUKASI ASAP KEBAKARAN TAS SIAGA BENCANA"
2025,2025-07-23,"KOTA ADM. JAKARTA PUSAT",GAMBIR,CIDENG,"AULA KANTOR KELURAHAN CIDENG",40,"A. MANAJEMEN BENCANA DAN ADAPTASI PERUBAHAN IKLIM, KESIAPSIAGAAN GEMPA BUMI
B. PERTOLONGAN PERTAMA"
2025,2025-03-08,"KOTA ADM. JAKARTA PUSAT",GAMBIR,"PETOJO UTARA","JL. KYAI HAJI ZAINUL ARIFIN NO.71",102,"EDUKASI GEMPA BUMI EDUKASI P3K EDUKASI PEMADAM KEBAKARAN EDUKASI BANJIR EDUKASI ASAP KEBAKARAN TAS SIAGA BENCANA"
2025,2025-03-10,"KOTA ADM. JAKARTA PUSAT",GAMBIR,"PETOJO UTARA","JL. KYAI HAJI ZAINUL ARIFIN NO.71",47,"EDUKASI GEMPA BUMI EDUKASI P3K EDUKASI PEMADAM KEBAKARAN EDUKASI BANJIR EDUKASI ASAP KEBAKARAN TAS SIAGA BENCANA"
2025,2025-04-08,"KOTA ADM. JAKARTA PUSAT",GAMBIR,"PETOJO UTARA","JL.KYAI HAJI ZAINJUL ARIFIN NO.71",5,"EDUKASI GEMPA BUMI EDUKASI P3K EDUKASI PEMADAM KEBAKARAN EDUKASI BANJIR EDUKASI ASAP KEBAKARAN TAS SIAGA BENCANA"
2025,2025-03-11,"KOTA ADM. JAKARTA PUSAT",GAMBIR,"PETOJO UTARA","JL. KYAI HAJI ZAINUL ARIFIN NO.71",34,"EDUKASI GEMPA BUMI EDUKASI P3K EDUKASI PEMADAM KEBAKARAN EDUKASI BANJIR EDUKASI ASAP KEBAKARAN TAS SIAGA BENCANA
"
2025,2025-04-09,"KOTA ADM. JAKARTA PUSAT",GAMBIR,"PETOJO UTARA","JL.KYAI HAJI ZAINJUL ARIFIN NO.71",47,"EDUKASI GEMPA BUMI EDUKASI P3K EDUKASI PEMADAM KEBAKARAN EDUKASI BANJIR EDUKASI ASAP KEBAKARAN TAS SIAGA BENCANA"
2025,2025-03-12,"KOTA ADM. JAKARTA PUSAT",GAMBIR,"PETOJO UTARA","JL. KYAI HAJI ZAINUL ARIFIN NO.71",32,"EDUKASI GEMPA BUMI EDUKASI P3K EDUKASI PEMADAM KEBAKARAN EDUKASI BANJIR EDUKASI ASAP KEBAKARAN TAS SIAGA BENCANA
"
2025,2025-03-13,"KOTA ADM. JAKARTA PUSAT",GAMBIR,"PETOJO UTARA","JL. KYAI HAJI ZAINUL ARIFIN NO.71",9,"EDUKASI GEMPA BUMI EDUKASI P3K EDUKASI PEMADAM KEBAKARAN EDUKASI BANJIR EDUKASI ASAP KEBAKARAN TAS SIAGA BENCANA"
2025,2025-04-10,"KOTA ADM. JAKARTA PUSAT",GAMBIR,"PETOJO UTARA","JL.KYAI HAJI ZAINJUL ARIFIN NO.71",98,"EDUKASI GEMPA BUMI EDUKASI P3K EDUKASI PEMADAM KEBAKARAN EDUKASI BANJIR EDUKASI ASAP KEBAKARAN TAS SIAGA BENCANA"
2025,2025-03-14,"KOTA ADM. JAKARTA PUSAT",GAMBIR,"PETOJO UTARA","JL. KYAI HAJI ZAINUL ARIFIN NO.71",45,"EDUKASI GEMPA BUMI EDUKASI P3K EDUKASI PEMADAM KEBAKARAN EDUKASI BANJIR EDUKASI ASAP KEBAKARAN TAS SIAGA BENCANA"
2025,2025-03-15,"KOTA ADM. JAKARTA PUSAT",GAMBIR,"PETOJO UTARA","JL. KYAI HAJI ZAINUL ARIFIN NO.71",28,"EDUKASI GEMPA BUMI EDUKASI P3K EDUKASI PEMADAM KEBAKARAN EDUKASI BANJIR EDUKASI ASAP KEBAKARAN TAS SIAGA BENCANA

"
2025,2025-04-11,"KOTA ADM. JAKARTA PUSAT",GAMBIR,"PETOJO UTARA","JL.KYAI HAJI ZAINJUL ARIFIN NO.71",92,"EDUKASI GEMPA BUMI EDUKASI P3K EDUKASI PEMADAM KEBAKARAN EDUKASI BANJIR EDUKASI ASAP KEBAKARAN TAS SIAGA BENCANA"
2025,2025-04-14,"KOTA ADM. JAKARTA PUSAT",GAMBIR,"PETOJO UTARA","RA ISLAM AL HIDAYAH",102,"EDUKASI GEMPA BUMI EDUKASI P3K EDUKASI PEMADAM KEBAKARAN EDUKASI BANJIR EDUKASI ASAP KEBAKARAN TAS SIAGA BENCANA"
2025,2025-04-15,"KOTA ADM. JAKARTA PUSAT",GAMBIR,"PETOJO UTARA","JL.KYAI HAJI ZAINJUL ARIFIN NO.71",50,"EDUKASI GEMPA BUMI EDUKASI P3K EDUKASI PEMADAM KEBAKARAN EDUKASI BANJIR EDUKASI ASAP KEBAKARAN TAS SIAGA BENCANA"
2025,2025-03-16,"KOTA ADM. JAKARTA PUSAT",GAMBIR,"PETOJO UTARA","JL. KYAI HAJI ZAINUL ARIFIN NO.71",52,"EDUKASI GEMPA BUMI EDUKASI P3K EDUKASI PEMADAM KEBAKARAN EDUKASI BANJIR EDUKASI ASAP KEBAKARAN TAS SIAGA BENCANA
"
2025,2025-03-17,"KOTA ADM. JAKARTA PUSAT",GAMBIR,"PETOJO UTARA","JL. KYAI HAJI ZAINUL ARIFIN NO.71",19,"EDUKASI GEMPA BUMI EDUKASI P3K EDUKASI PEMADAM KEBAKARAN EDUKASI BANJIR EDUKASI ASAP KEBAKARAN TAS SIAGA BENCANA
"
2025,2025-04-16,"KOTA ADM. JAKARTA PUSAT",GAMBIR,"PETOJO UTARA","JL.KYAI HAJI ZAINJUL ARIFIN NO.71",133,"EDUKASI GEMPA BUMI EDUKASI P3K EDUKASI PEMADAM KEBAKARAN EDUKASI BANJIR EDUKASI ASAP KEBAKARAN TAS SIAGA BENCANA"
2025,2025-03-18,"KOTA ADM. JAKARTA PUSAT",GAMBIR,"PETOJO UTARA","JL. KYAI HAJI ZAINUL ARIFIN NO.71",3,"EDUKASI GEMPA BUMI EDUKASI P3K EDUKASI PEMADAM KEBAKARAN EDUKASI BANJIR EDUKASI ASAP KEBAKARAN TAS SIAGA BENCANA"
2025,2025-03-19,"KOTA ADM. JAKARTA PUSAT",GAMBIR,"PETOJO UTARA","JL. KYAI HAJI ZAINUL ARIFIN NO.71",8,"EDUKASI GEMPA BUMI EDUKASI P3K EDUKASI PEMADAM KEBAKARAN EDUKASI BANJIR EDUKASI ASAP KEBAKARAN TAS SIAGA BENCANA"
2025,2025-04-17,"KOTA ADM. JAKARTA PUSAT",GAMBIR,"PETOJO UTARA","JL.KYAI HAJI ZAINJUL ARIFIN NO.71",93,"EDUKASI GEMPA BUMI EDUKASI P3K EDUKASI PEMADAM KEBAKARAN EDUKASI BANJIR EDUKASI ASAP KEBAKARAN TAS SIAGA BENCANA"
2025,2025-03-20,"KOTA ADM. JAKARTA PUSAT",GAMBIR,"PETOJO UTARA","JL. KYAI HAJI ZAINUL ARIFIN NO.71",4,"EDUKASI GEMPA BUMI EDUKASI P3K EDUKASI PEMADAM KEBAKARAN EDUKASI BANJIR EDUKASI ASAP KEBAKARAN TAS SIAGA BENCANA
"
2025,2025-04-21,"KOTA ADM. JAKARTA PUSAT",GAMBIR,"PETOJO UTARA","JL.KYAI HAJI ZAINJUL ARIFIN NO.71",52,"EDUKASI GEMPA BUMI EDUKASI P3K EDUKASI PEMADAM KEBAKARAN EDUKASI BANJIR EDUKASI ASAP KEBAKARAN TAS SIAGA BENCANA				
				"
2025,2025-03-21,"KOTA ADM. JAKARTA PUSAT",GAMBIR,"PETOJO UTARA","JL. KYAI HAJI ZAINUL ARIFIN NO.71",10,"EDUKASI GEMPA BUMI EDUKASI P3K EDUKASI PEMADAM KEBAKARAN EDUKASI BANJIR EDUKASI ASAP KEBAKARAN TAS SIAGA BENCANA"
2025,2025-03-24,"KOTA ADM. JAKARTA PUSAT",GAMBIR,"PETOJO UTARA","JL. KYAI HAJI ZAINUL ARIFIN NO.71",2,"EDUKASI GEMPA BUMI EDUKASI P3K EDUKASI PEMADAM KEBAKARAN EDUKASI BANJIR EDUKASI ASAP KEBAKARAN TAS SIAGA BENCANA
"
2025,2025-03-25,"KOTA ADM. JAKARTA PUSAT",GAMBIR,"PETOJO UTARA","JL. KYAI HAJI ZAINUL ARIFIN NO.71",5,"EDUKASI GEMPA BUMI EDUKASI P3K EDUKASI PEMADAM KEBAKARAN EDUKASI BANJIR EDUKASI ASAP KEBAKARAN TAS SIAGA BENCANA"
2025,2025-04-22,"KOTA ADM. JAKARTA PUSAT",GAMBIR,"PETOJO UTARA","JL.KYAI HAJI ZAINJUL ARIFIN NO.71",98,"EDUKASI GEMPA BUMI EDUKASI P3K EDUKASI PEMADAM KEBAKARAN EDUKASI BANJIR EDUKASI ASAP KEBAKARAN TAS SIAGA BENCANA				
				"
2025,2025-04-23,"KOTA ADM. JAKARTA PUSAT",GAMBIR,"PETOJO UTARA","JL.KYAI HAJI ZAINJUL ARIFIN NO.71",94,"EDUKASI GEMPA BUMI EDUKASI P3K EDUKASI PEMADAM KEBAKARAN EDUKASI BANJIR EDUKASI ASAP KEBAKARAN TAS SIAGA BENCANA"
2025,2025-04-24,"KOTA ADM. JAKARTA PUSAT",GAMBIR,"PETOJO UTARA","JL.KYAI HAJI ZAINJUL ARIFIN NO.71",98,"EDUKASI GEMPA BUMI EDUKASI P3K EDUKASI PEMADAM KEBAKARAN EDUKASI BANJIR EDUKASI ASAP KEBAKARAN TAS SIAGA BENCANA"
2025,2025-04-25,"KOTA ADM. JAKARTA PUSAT",GAMBIR,"PETOJO UTARA","JL.KYAI HAJI ZAINJUL ARIFIN NO.71",76,"EDUKASI GEMPA BUMI EDUKASI P3K EDUKASI PEMADAM KEBAKARAN EDUKASI BANJIR EDUKASI ASAP KEBAKARAN TAS SIAGA BENCANA"
2025,2025-04-28,"KOTA ADM. JAKARTA PUSAT",GAMBIR,"PETOJO UTARA","JL.KYAI HAJI ZAINJUL ARIFIN NO.71",95,"EDUKASI GEMPA BUMI EDUKASI P3K EDUKASI PEMADAM KEBAKARAN EDUKASI BANJIR EDUKASI ASAP KEBAKARAN TAS SIAGA BENCANA"
2025,2025-07-29,"KOTA ADM. JAKARTA PUSAT","JOHAR BARU",GALUR,"GEDUNG INTERAKSI RAWA TENGAH, GALUR",40,"A. MANAJEMEN BENCANA DAN ADAPTASI PERUBAHAN IKLIM, KESIAPSIAGAAN GEMPA BUMI
B. PERTOLONGAN PERTAMA"
2025,2025-04-29,"KOTA ADM. JAKARTA PUSAT",GAMBIR,"PETOJO UTARA","JL.KYAI HAJI ZAINJUL ARIFIN NO.71",100,"EDUKASI GEMPA BUMI EDUKASI P3K EDUKASI PEMADAM KEBAKARAN EDUKASI BANJIR EDUKASI ASAP KEBAKARAN TAS SIAGA BENCANA"
2025,2025-04-30,"KOTA ADM. JAKARTA PUSAT",GAMBIR,"PETOJO UTARA","JL.KYAI HAJI ZAINJUL ARIFIN NO.71",53,"EDUKASI GEMPA BUMI EDUKASI P3K EDUKASI PEMADAM KEBAKARAN EDUKASI BANJIR EDUKASI ASAP KEBAKARAN TAS SIAGA BENCANA"
2025,2025-07-31,"KOTA ADM. JAKARTA PUSAT",SENEN,KWITANG,"AUDITORIUM IR JUANDA GEDUNG DAKWAH MUHAMMADIYAH (KRAMAT)",40,"A. MANAJEMEN BENCANA DAN ADAPTASI PERUBAHAN IKLIM, KESIAPSIAGAAN GEMPA BUMI
B. PERTOLONGAN PERTAMA"
2025,2025-08-04,"KOTA ADM. JAKARTA PUSAT",GAMBIR,GAMBIR,"AULA KANTOR KELURAHAN GAMBIR",40,"A. MANAJEMEN BENCANA DAN ADAPTASI PERUBAHAN IKLIM, KESIAPSIAGAAN GEMPA BUMI
B. PERTOLONGAN PERTAMA"
2025,2025-05-02,"KOTA ADM. JAKARTA PUSAT",GAMBIR,"PETOJO UTARA","JL. KYAI HAJI ZAINUL ARIFIN NO.71",13,"EDUKASI GEMPA BUMI EDUKASI P3K EDUKASI PEMADAM KEBAKARAN EDUKASI BANJIR EDUKASI ASAP KEBAKARAN TAS SIAGA BENCANA
"
2025,2025-05-05,"KOTA ADM. JAKARTA PUSAT",GAMBIR,"PETOJO UTARA","JL. KYAI HAJI ZAINUL ARIFIN NO.71",89,"EDUKASI GEMPA BUMI EDUKASI P3K EDUKASI PEMADAM KEBAKARAN EDUKASI BANJIR EDUKASI ASAP KEBAKARAN TAS SIAGA BENCANA"
2025,2025-05-06,"KOTA ADM. JAKARTA PUSAT",GAMBIR,"PETOJO UTARA","JL. KYAI HAJI ZAINUL ARIFIN NO.71",82,"EDUKASI GEMPA BUMI EDUKASI P3K EDUKASI PEMADAM KEBAKARAN EDUKASI BANJIR EDUKASI ASAP KEBAKARAN TAS SIAGA BENCANA
"
2025,2025-05-07,"KOTA ADM. JAKARTA PUSAT",GAMBIR,"PETOJO UTARA","JL. KYAI HAJI ZAINUL ARIFIN NO.71",88,"EDUKASI GEMPA BUMI EDUKASI P3K EDUKASI PEMADAM KEBAKARAN EDUKASI BANJIR EDUKASI ASAP KEBAKARAN TAS SIAGA BENCANA"
2025,2025-05-08,"KOTA ADM. JAKARTA PUSAT",GAMBIR,"PETOJO UTARA","JL. KYAI HAJI ZAINUL ARIFIN NO.71",60,"EDUKASI GEMPA BUMI EDUKASI P3K EDUKASI PEMADAM KEBAKARAN EDUKASI BANJIR EDUKASI ASAP KEBAKARAN TAS SIAGA BENCANA"
2025,2025-05-09,"KOTA ADM. JAKARTA PUSAT",GAMBIR,"PETOJO UTARA","JL. KYAI HAJI ZAINUL ARIFIN NO.71",94,"EDUKASI GEMPA BUMI EDUKASI P3K EDUKASI PEMADAM KEBAKARAN EDUKASI BANJIR EDUKASI ASAP KEBAKARAN TAS SIAGA BENCANA"
2025,2025-05-14,"KOTA ADM. JAKARTA PUSAT",GAMBIR,"PETOJO UTARA","JL. KYAI HAJI ZAINUL ARIFIN NO.71",55,"EDUKASI GEMPA BUMI EDUKASI P3K EDUKASI PEMADAM KEBAKARAN EDUKASI BANJIR EDUKASI ASAP KEBAKARAN TAS SIAGA BENCANA
"
2025,2025-05-15,"KOTA ADM. JAKARTA PUSAT",GAMBIR,"PETOJO UTARA","JL. KYAI HAJI ZAINUL ARIFIN NO.71",81,"EDUKASI GEMPA BUMI EDUKASI P3K EDUKASI PEMADAM KEBAKARAN EDUKASI BANJIR EDUKASI ASAP KEBAKARAN TAS SIAGA BENCANA
"
2025,2025-05-16,"KOTA ADM. JAKARTA PUSAT",GAMBIR,"PETOJO UTARA","JL. KYAI HAJI ZAINUL ARIFIN NO.71",75,"EDUKASI GEMPA BUMI EDUKASI P3K EDUKASI PEMADAM KEBAKARAN EDUKASI BANJIR EDUKASI ASAP KEBAKARAN TAS SIAGA BENCANA
"
2025,2025-05-19,"KOTA ADM. JAKARTA PUSAT",GAMBIR,"PETOJO UTARA","JL. KYAI HAJI ZAINUL ARIFIN NO.71",61,"EDUKASI GEMPA BUMI EDUKASI P3K EDUKASI PEMADAM KEBAKARAN EDUKASI BANJIR EDUKASI ASAP KEBAKARAN TAS SIAGA BENCANA
"
2025,2025-05-20,"KOTA ADM. JAKARTA PUSAT",GAMBIR,"PETOJO UTARA","JL. KYAI HAJI ZAINUL ARIFIN NO.71",98,"EDUKASI GEMPA BUMI EDUKASI P3K EDUKASI PEMADAM KEBAKARAN EDUKASI BANJIR EDUKASI ASAP KEBAKARAN TAS SIAGA BENCANA"
2025,2025-05-21,"KOTA ADM. JAKARTA PUSAT",GAMBIR,"PETOJO UTARA","JL. KYAI HAJI ZAINUL ARIFIN NO.71",97,"EDUKASI GEMPA BUMI EDUKASI P3K EDUKASI PEMADAM KEBAKARAN EDUKASI BANJIR EDUKASI ASAP KEBAKARAN TAS SIAGA BENCANA
"
2025,2025-05-22,"KOTA ADM. JAKARTA PUSAT",GAMBIR,"PETOJO UTARA","JL. KYAI HAJI ZAINUL ARIFIN NO.71",63,"EDUKASI GEMPA BUMI EDUKASI P3K EDUKASI PEMADAM KEBAKARAN EDUKASI BANJIR EDUKASI ASAP KEBAKARAN TAS SIAGA BENCANA"
2025,2025-05-23,"KOTA ADM. JAKARTA PUSAT",GAMBIR,"PETOJO UTARA","JL. KYAI HAJI ZAINUL ARIFIN NO.71",83,"EDUKASI GEMPA BUMI EDUKASI P3K EDUKASI PEMADAM KEBAKARAN EDUKASI BANJIR EDUKASI ASAP KEBAKARAN TAS SIAGA BENCANA
"
2025,2025-05-26,"KOTA ADM. JAKARTA PUSAT",GAMBIR,"PETOJO UTARA","JL. KYAI HAJI ZAINUL ARIFIN NO.71",38,"EDUKASI GEMPA BUMI EDUKASI P3K EDUKASI PEMADAM KEBAKARAN EDUKASI BANJIR EDUKASI ASAP KEBAKARAN TAS SIAGA BENCANA
"
2025,2025-05-27,"KOTA ADM. JAKARTA PUSAT",GAMBIR,"PETOJO UTARA","JL. KYAI HAJI ZAINUL ARIFIN NO.71",94,"EDUKASI GEMPA BUMI EDUKASI P3K EDUKASI PEMADAM KEBAKARAN EDUKASI BANJIR EDUKASI ASAP KEBAKARAN TAS SIAGA BENCANA
"
2025,2025-05-28,"KOTA ADM. JAKARTA PUSAT",GAMBIR,"PETOJO UTARA","JL. KYAI HAJI ZAINUL ARIFIN NO.71",50,"EDUKASI GEMPA BUMI EDUKASI P3K EDUKASI PEMADAM KEBAKARAN EDUKASI BANJIR EDUKASI ASAP KEBAKARAN TAS SIAGA BENCANA
"
2025,2025-06-02,"KOTA ADM. JAKARTA PUSAT",GAMBIR,"PETOJO UTARA","JL. KYAI HAJI ZAINUL ARIFIN NO.71",30,"EDUKASI GEMPA BUMI EDUKASI P3K EDUKASI PEMADAM KEBAKARAN EDUKASI BANJIR EDUKASI ASAP KEBAKARAN TAS SIAGA BENCANA
"
2025,2025-06-03,"KOTA ADM. JAKARTA PUSAT",GAMBIR,"PETOJO UTARA","JL. KYAI HAJI ZAINUL ARIFIN NO.71",8,"EDUKASI GEMPA BUMI EDUKASI P3K EDUKASI PEMADAM KEBAKARAN EDUKASI BANJIR EDUKASI ASAP KEBAKARAN TAS SIAGA BENCANA
"
2025,2025-06-04,"KOTA ADM. JAKARTA PUSAT",GAMBIR,"PETOJO UTARA","JL. KYAI HAJI ZAINUL ARIFIN NO.71",36,"EDUKASI GEMPA BUMI EDUKASI P3K EDUKASI PEMADAM KEBAKARAN EDUKASI BANJIR EDUKASI ASAP KEBAKARAN TAS SIAGA BENCANA
"
2025,2025-06-05,"KOTA ADM. JAKARTA PUSAT",GAMBIR,"PETOJO UTARA","JL. KYAI HAJI ZAINUL ARIFIN NO.71",101,"EDUKASI GEMPA BUMI EDUKASI P3K EDUKASI PEMADAM KEBAKARAN EDUKASI BANJIR EDUKASI ASAP KEBAKARAN TAS SIAGA BENCANA
"
2025,2025-06-10,"KOTA ADM. JAKARTA PUSAT",GAMBIR,"PETOJO UTARA","JL. KYAI HAJI ZAINUL ARIFIN NO.71",4,"EDUKASI GEMPA BUMI EDUKASI P3K EDUKASI PEMADAM KEBAKARAN EDUKASI BANJIR EDUKASI ASAP KEBAKARAN TAS SIAGA BENCANA
"
2025,2025-06-11,"KOTA ADM. JAKARTA PUSAT",GAMBIR,"PETOJO UTARA","JL. KYAI HAJI ZAINUL ARIFIN NO.71",38,"EDUKASI GEMPA BUMI EDUKASI P3K EDUKASI PEMADAM KEBAKARAN EDUKASI BANJIR EDUKASI ASAP KEBAKARAN TAS SIAGA BENCANA
"
2025,2025-06-12,"KOTA ADM. JAKARTA PUSAT",GAMBIR,"PETOJO UTARA","JL. KYAI HAJI ZAINUL ARIFIN NO.71",50,"EDUKASI GEMPA BUMI EDUKASI P3K EDUKASI PEMADAM KEBAKARAN EDUKASI BANJIR EDUKASI ASAP KEBAKARAN TAS SIAGA BENCANA
"
2025,2025-06-13,"KOTA ADM. JAKARTA PUSAT",GAMBIR,"PETOJO UTARA","JL. KYAI HAJI ZAINUL ARIFIN NO.71",5,"EDUKASI GEMPA BUMI EDUKASI P3K EDUKASI PEMADAM KEBAKARAN EDUKASI BANJIR EDUKASI ASAP KEBAKARAN TAS SIAGA BENCANA
"
2025,2025-06-16,"KOTA ADM. JAKARTA PUSAT",GAMBIR,"PETOJO UTARA","JL. KYAI HAJI ZAINUL ARIFIN NO.71",53,"EDUKASI GEMPA BUMI EDUKASI P3K EDUKASI PEMADAM KEBAKARAN EDUKASI BANJIR EDUKASI ASAP KEBAKARAN TAS SIAGA BENCANA
"
2025,2025-06-17,"KOTA ADM. JAKARTA PUSAT",GAMBIR,"PETOJO UTARA","JL. KYAI HAJI ZAINUL ARIFIN NO.71",70,"EDUKASI GEMPA BUMI EDUKASI P3K EDUKASI PEMADAM KEBAKARAN EDUKASI BANJIR EDUKASI ASAP KEBAKARAN TAS SIAGA BENCANA
"
2025,2025-06-18,"KOTA ADM. JAKARTA PUSAT",GAMBIR,"PETOJO UTARA","JL. KYAI HAJI ZAINUL ARIFIN NO.71",3,"EDUKASI GEMPA BUMI EDUKASI P3K EDUKASI PEMADAM KEBAKARAN EDUKASI BANJIR EDUKASI ASAP KEBAKARAN TAS SIAGA BENCANA
"
2025,2025-06-19,"KOTA ADM. JAKARTA PUSAT",GAMBIR,"PETOJO UTARA","JL. KYAI HAJI ZAINUL ARIFIN NO.71",3,"EDUKASI GEMPA BUMI EDUKASI P3K EDUKASI PEMADAM KEBAKARAN EDUKASI BANJIR EDUKASI ASAP KEBAKARAN TAS SIAGA BENCANA
"
2025,2025-06-20,"KOTA ADM. JAKARTA PUSAT",GAMBIR,"PETOJO UTARA","JL. KYAI HAJI ZAINUL ARIFIN NO.71",36,"EDUKASI GEMPA BUMI EDUKASI P3K EDUKASI PEMADAM KEBAKARAN EDUKASI BANJIR EDUKASI ASAP KEBAKARAN TAS SIAGA BENCANA
"
2025,2025-06-23,"KOTA ADM. JAKARTA PUSAT",GAMBIR,"PETOJO UTARA","JL. KYAI HAJI ZAINUL ARIFIN NO.71",55,"EDUKASI GEMPA BUMI EDUKASI P3K EDUKASI PEMADAM KEBAKARAN EDUKASI BANJIR EDUKASI ASAP KEBAKARAN TAS SIAGA BENCANA
"
2025,2025-06-24,"KOTA ADM. JAKARTA PUSAT",GAMBIR,"PETOJO UTARA","JL. KYAI HAJI ZAINUL ARIFIN NO.71",76,"EDUKASI GEMPA BUMI EDUKASI P3K EDUKASI PEMADAM KEBAKARAN EDUKASI BANJIR EDUKASI ASAP KEBAKARAN TAS SIAGA BENCANA
"
2025,2025-06-25,"KOTA ADM. JAKARTA PUSAT",GAMBIR,"PETOJO UTARA","JL. KYAI HAJI ZAINUL ARIFIN NO.71",67,"EDUKASI GEMPA BUMI EDUKASI P3K EDUKASI PEMADAM KEBAKARAN EDUKASI BANJIR EDUKASI ASAP KEBAKARAN TAS SIAGA BENCANA
"
2025,2025-06-26,"KOTA ADM. JAKARTA PUSAT",GAMBIR,"PETOJO UTARA","JL. KYAI HAJI ZAINUL ARIFIN NO.71",62,"EDUKASI GEMPA BUMI EDUKASI P3K EDUKASI PEMADAM KEBAKARAN EDUKASI BANJIR EDUKASI ASAP KEBAKARAN TAS SIAGA BENCANA
"
2025,2025-06-30,"KOTA ADM. JAKARTA PUSAT",GAMBIR,"PETOJO UTARA","JL. KYAI HAJI ZAINUL ARIFIN NO.71",5,"EDUKASI GEMPA BUMI EDUKASI P3K EDUKASI PEMADAM KEBAKARAN EDUKASI BANJIR EDUKASI ASAP KEBAKARAN TAS SIAGA BENCANA
"
2025,2025-07-01,"KOTA ADM. JAKARTA PUSAT",GAMBIR,"PETOJO UTARA","JL. KYAI HAJI ZAINUL ARIFIN NO.71",82,"EDUKASI GEMPA BUMI EDUKASI P3K EDUKASI PEMADAM KEBAKARAN EDUKASI BANJIR EDUKASI ASAP KEBAKARAN TAS SIAGA BENCANA
"
2025,2025-07-02,"KOTA ADM. JAKARTA PUSAT",GAMBIR,"PETOJO UTARA","JL. KYAI HAJI ZAINUL ARIFIN NO.71",7,"EDUKASI GEMPA BUMI EDUKASI P3K EDUKASI PEMADAM KEBAKARAN EDUKASI BANJIR EDUKASI ASAP KEBAKARAN TAS SIAGA BENCANA
"
2025,2025-07-03,"KOTA ADM. JAKARTA PUSAT",GAMBIR,"PETOJO UTARA","JL. KYAI HAJI ZAINUL ARIFIN NO.71",90,"EDUKASI GEMPA BUMI EDUKASI P3K EDUKASI PEMADAM KEBAKARAN EDUKASI BANJIR EDUKASI ASAP KEBAKARAN TAS SIAGA BENCANA
"
2025,2025-07-04,"KOTA ADM. JAKARTA PUSAT",GAMBIR,"PETOJO UTARA","JL. KYAI HAJI ZAINUL ARIFIN NO.71",48,"EDUKASI GEMPA BUMI EDUKASI P3K EDUKASI PEMADAM KEBAKARAN EDUKASI BANJIR EDUKASI ASAP KEBAKARAN TAS SIAGA BENCANA
"
2025,2025-07-07,"KOTA ADM. JAKARTA PUSAT",GAMBIR,"PETOJO UTARA","JL. KYAI HAJI ZAINUL ARIFIN NO.71",66,"EDUKASI GEMPA BUMI EDUKASI P3K EDUKASI PEMADAM KEBAKARAN EDUKASI BANJIR EDUKASI ASAP KEBAKARAN TAS SIAGA BENCANA
"
2025,2025-08-04,"KOTA ADM. JAKARTA PUSAT",GAMBIR,"PETOJO UTARA","JL.KYAI HAJI ZAINJUL ARIFIN NO.71",6,"EDUKASI GEMPA BUMI EDUKASI P3K EDUKASI PEMADAM KEBAKARAN EDUKASI BANJIR EDUKASI ASAP KEBAKARAN TAS SIAGA BENCANA				
"
2025,2025-07-08,"KOTA ADM. JAKARTA PUSAT",GAMBIR,"PETOJO UTARA","JL. KYAI HAJI ZAINUL ARIFIN NO.71",80,"EDUKASI GEMPA BUMI EDUKASI P3K EDUKASI PEMADAM KEBAKARAN EDUKASI BANJIR EDUKASI ASAP KEBAKARAN TAS SIAGA BENCANA
"
2025,2025-08-05,"KOTA ADM. JAKARTA PUSAT",GAMBIR,"PETOJO UTARA","JL.KYAI HAJI ZAINJUL ARIFIN NO.71",2,"EDUKASI GEMPA BUMI EDUKASI P3K EDUKASI PEMADAM KEBAKARAN EDUKASI BANJIR EDUKASI ASAP KEBAKARAN TAS SIAGA BENCANA"
2025,2025-07-09,"KOTA ADM. JAKARTA PUSAT",GAMBIR,"PETOJO UTARA","JL. KYAI HAJI ZAINUL ARIFIN NO.71",73,"EDUKASI GEMPA BUMI EDUKASI P3K EDUKASI PEMADAM KEBAKARAN EDUKASI BANJIR EDUKASI ASAP KEBAKARAN TAS SIAGA BENCANA"
2025,2025-08-06,"KOTA ADM. JAKARTA PUSAT",GAMBIR,"PETOJO UTARA","JL.KYAI HAJI ZAINJUL ARIFIN NO.71",8,"EDUKASI GEMPA BUMI EDUKASI P3K EDUKASI PEMADAM KEBAKARAN EDUKASI BANJIR EDUKASI ASAP KEBAKARAN TAS SIAGA BENCANA"
2025,2025-08-07,"KOTA ADM. JAKARTA PUSAT",GAMBIR,"PETOJO UTARA","JL.KYAI HAJI ZAINJUL ARIFIN NO.71",100,"EDUKASI GEMPA BUMI EDUKASI P3K EDUKASI PEMADAM KEBAKARAN EDUKASI BANJIR EDUKASI ASAP KEBAKARAN TAS SIAGA BENCANA				
"
2025,2025-07-10,"KOTA ADM. JAKARTA PUSAT",GAMBIR,"PETOJO UTARA","JL. KYAI HAJI ZAINUL ARIFIN NO.71",115,"EDUKASI GEMPA BUMI EDUKASI P3K EDUKASI PEMADAM KEBAKARAN EDUKASI BANJIR EDUKASI ASAP KEBAKARAN TAS SIAGA BENCANA
"
2025,2025-07-11,"KOTA ADM. JAKARTA PUSAT",GAMBIR,"PETOJO UTARA","JL. KYAI HAJI ZAINUL ARIFIN NO.71",14,"EDUKASI GEMPA BUMI EDUKASI P3K EDUKASI PEMADAM KEBAKARAN EDUKASI BANJIR EDUKASI ASAP KEBAKARAN TAS SIAGA BENCANA
"
2025,2025-08-08,"KOTA ADM. JAKARTA PUSAT",GAMBIR,"PETOJO UTARA","JL.KYAI HAJI ZAINJUL ARIFIN NO.71",13,"EDUKASI GEMPA BUMI EDUKASI P3K EDUKASI PEMADAM KEBAKARAN EDUKASI BANJIR EDUKASI ASAP KEBAKARAN TAS SIAGA BENCANA				
"
2025,2025-07-14,"KOTA ADM. JAKARTA PUSAT",GAMBIR,"PETOJO UTARA","JL. KYAI HAJI ZAINUL ARIFIN NO.71",51,"EDUKASI GEMPA BUMI EDUKASI P3K EDUKASI PEMADAM KEBAKARAN EDUKASI BANJIR EDUKASI ASAP KEBAKARAN TAS SIAGA BENCANA
"
2025,2025-07-15,"KOTA ADM. JAKARTA PUSAT",GAMBIR,"PETOJO UTARA","JL. KYAI HAJI ZAINUL ARIFIN NO.71",56,"EDUKASI GEMPA BUMI EDUKASI P3K EDUKASI PEMADAM KEBAKARAN EDUKASI BANJIR EDUKASI ASAP KEBAKARAN TAS SIAGA BENCANA
"
2025,2025-08-11,"KOTA ADM. JAKARTA PUSAT",GAMBIR,"PETOJO UTARA","JL.KYAI HAJI ZAINJUL ARIFIN NO.71",75,"EDUKASI GEMPA BUMI EDUKASI P3K EDUKASI PEMADAM KEBAKARAN EDUKASI BANJIR EDUKASI ASAP KEBAKARAN TAS SIAGA BENCANA"
2025,2025-07-16,"KOTA ADM. JAKARTA PUSAT",GAMBIR,"PETOJO UTARA","JL. KYAI HAJI ZAINUL ARIFIN NO.71",74,"EDUKASI GEMPA BUMI EDUKASI P3K EDUKASI PEMADAM KEBAKARAN EDUKASI BANJIR EDUKASI ASAP KEBAKARAN TAS SIAGA BENCANA
"
2025,2025-08-12,"KOTA ADM. JAKARTA PUSAT",GAMBIR,"PETOJO UTARA","JL.KYAI HAJI ZAINJUL ARIFIN NO.71",47,"EDUKASI GEMPA BUMI EDUKASI P3K EDUKASI PEMADAM KEBAKARAN EDUKASI BANJIR EDUKASI ASAP KEBAKARAN TAS SIAGA BENCANA"
2025,2025-07-17,"KOTA ADM. JAKARTA PUSAT",GAMBIR,"PETOJO UTARA","JL. KYAI HAJI ZAINUL ARIFIN NO.71",112,"EDUKASI GEMPA BUMI EDUKASI P3K EDUKASI PEMADAM KEBAKARAN EDUKASI BANJIR EDUKASI ASAP KEBAKARAN TAS SIAGA BENCANA
"
2025,2025-08-13,"KOTA ADM. JAKARTA PUSAT",GAMBIR,"PETOJO UTARA","JL.KYAI HAJI ZAINJUL ARIFIN NO.71",77,"EDUKASI GEMPA BUMI EDUKASI P3K EDUKASI PEMADAM KEBAKARAN EDUKASI BANJIR EDUKASI ASAP KEBAKARAN TAS SIAGA BENCANA"
2025,2025-07-18,"KOTA ADM. JAKARTA PUSAT",GAMBIR,"PETOJO UTARA","JL. KYAI HAJI ZAINUL ARIFIN NO.71",58,"EDUKASI GEMPA BUMI EDUKASI P3K EDUKASI PEMADAM KEBAKARAN EDUKASI BANJIR EDUKASI ASAP KEBAKARAN TAS SIAGA BENCANA
"
2025,2025-08-14,"KOTA ADM. JAKARTA PUSAT",GAMBIR,"PETOJO UTARA","JL.KYAI HAJI ZAINJUL ARIFIN NO.71",11,"EDUKASI GEMPA BUMI EDUKASI P3K EDUKASI PEMADAM KEBAKARAN EDUKASI BANJIR EDUKASI ASAP KEBAKARAN TAS SIAGA BENCANA"
2025,2025-07-21,"KOTA ADM. JAKARTA PUSAT",GAMBIR,"PETOJO UTARA","JL. KYAI HAJI ZAINUL ARIFIN NO.71",28,"EDUKASI GEMPA BUMI EDUKASI P3K EDUKASI PEMADAM KEBAKARAN EDUKASI BANJIR EDUKASI ASAP KEBAKARAN TAS SIAGA BENCANA
"
2025,2025-07-22,"KOTA ADM. JAKARTA PUSAT",GAMBIR,"PETOJO UTARA","JL. KYAI HAJI ZAINUL ARIFIN NO.71",100,"EDUKASI GEMPA BUMI EDUKASI P3K EDUKASI PEMADAM KEBAKARAN EDUKASI BANJIR EDUKASI ASAP KEBAKARAN TAS SIAGA BENCANA
"
2025,2025-08-15,"KOTA ADM. JAKARTA PUSAT",GAMBIR,"PETOJO UTARA","JL.KYAI HAJI ZAINJUL ARIFIN NO.71",97,"EDUKASI GEMPA BUMI EDUKASI P3K EDUKASI PEMADAM KEBAKARAN EDUKASI BANJIR EDUKASI ASAP KEBAKARAN TAS SIAGA BENCANA"
2025,2025-08-19,"KOTA ADM. JAKARTA PUSAT",GAMBIR,"PETOJO UTARA","JL.KYAI HAJI ZAINJUL ARIFIN NO.71",68,"EDUKASI GEMPA BUMI EDUKASI P3K EDUKASI PEMADAM KEBAKARAN EDUKASI BANJIR EDUKASI ASAP KEBAKARAN TAS SIAGA BENCANA"
2025,2025-07-23,"KOTA ADM. JAKARTA PUSAT",GAMBIR,"PETOJO UTARA","JL. KYAI HAJI ZAINUL ARIFIN NO.71",5,"EDUKASI GEMPA BUMI EDUKASI P3K EDUKASI PEMADAM KEBAKARAN EDUKASI BANJIR EDUKASI ASAP KEBAKARAN TAS SIAGA BENCANA
"
2025,2025-08-20,"KOTA ADM. JAKARTA PUSAT",GAMBIR,"PETOJO UTARA","JL.KYAI HAJI ZAINJUL ARIFIN NO.71",52,"EDUKASI GEMPA BUMI EDUKASI P3K EDUKASI PEMADAM KEBAKARAN EDUKASI BANJIR EDUKASI ASAP KEBAKARAN TAS SIAGA BENCANA"
2025,2025-07-24,"KOTA ADM. JAKARTA PUSAT",GAMBIR,"PETOJO UTARA","JL. KYAI HAJI ZAINUL ARIFIN NO.71",64,"EDUKASI GEMPA BUMI EDUKASI P3K EDUKASI PEMADAM KEBAKARAN EDUKASI BANJIR EDUKASI ASAP KEBAKARAN TAS SIAGA BENCANA
"
2025,2025-07-25,"KOTA ADM. JAKARTA PUSAT",GAMBIR,"PETOJO UTARA","JL. KYAI HAJI ZAINUL ARIFIN NO.71",8,"EDUKASI GEMPA BUMI EDUKASI P3K EDUKASI PEMADAM KEBAKARAN EDUKASI BANJIR EDUKASI ASAP KEBAKARAN TAS SIAGA BENCANA
"
2025,2025-08-21,"KOTA ADM. JAKARTA PUSAT",GAMBIR,"PETOJO UTARA","JL.KYAI HAJI ZAINJUL ARIFIN NO.71",65,"EDUKASI GEMPA BUMI EDUKASI P3K EDUKASI PEMADAM KEBAKARAN EDUKASI BANJIR EDUKASI ASAP KEBAKARAN TAS SIAGA BENCANA"
2025,2025-07-28,"KOTA ADM. JAKARTA PUSAT",GAMBIR,"PETOJO UTARA","JL. KYAI HAJI ZAINUL ARIFIN NO.71",72,"EDUKASI GEMPA BUMI EDUKASI P3K EDUKASI PEMADAM KEBAKARAN EDUKASI BANJIR EDUKASI ASAP KEBAKARAN TAS SIAGA BENCANA
"
2025,2025-07-29,"KOTA ADM. JAKARTA PUSAT",GAMBIR,"PETOJO UTARA","JL. KYAI HAJI ZAINUL ARIFIN NO.71",5,"EDUKASI GEMPA BUMI EDUKASI P3K EDUKASI PEMADAM KEBAKARAN EDUKASI BANJIR EDUKASI ASAP KEBAKARAN TAS SIAGA BENCANA
"
2025,2025-07-30,"KOTA ADM. JAKARTA PUSAT",GAMBIR,"PETOJO UTARA","JL. KYAI HAJI ZAINUL ARIFIN NO.71",7,"EDUKASI GEMPA BUMI EDUKASI P3K EDUKASI PEMADAM KEBAKARAN EDUKASI BANJIR EDUKASI ASAP KEBAKARAN TAS SIAGA BENCANA
"
2025,2025-08-22,"KOTA ADM. JAKARTA PUSAT",GAMBIR,"PETOJO UTARA","JL.KYAI HAJI ZAINJUL ARIFIN NO.71",76,"EDUKASI GEMPA BUMI EDUKASI P3K EDUKASI PEMADAM KEBAKARAN EDUKASI BANJIR EDUKASI ASAP KEBAKARAN TAS SIAGA BENCANA"
2025,2025-07-31,"KOTA ADM. JAKARTA PUSAT",GAMBIR,"PETOJO UTARA","JL. KYAI HAJI ZAINUL ARIFIN NO.71",6,"EDUKASI GEMPA BUMI EDUKASI P3K EDUKASI PEMADAM KEBAKARAN EDUKASI BANJIR EDUKASI ASAP KEBAKARAN TAS SIAGA BENCANA
"
2025,2025-08-25,"KOTA ADM. JAKARTA PUSAT",GAMBIR,"PETOJO UTARA","JL.KYAI HAJI ZAINJUL ARIFIN NO.71",59,"EDUKASI GEMPA BUMI EDUKASI P3K EDUKASI PEMADAM KEBAKARAN EDUKASI BANJIR EDUKASI ASAP KEBAKARAN TAS SIAGA BENCANA"
2025,2025-09-01,"KOTA ADM. JAKARTA PUSAT",GAMBIR,"PETOJO UTARA","JL. KYAI HAJI ZAINUL ARIFIN NO.71",4,"EDUKASI GEMPA BUMI EDUKASI P3K EDUKASI PEMADAM KEBAKARAN EDUKASI BANJIR EDUKASI ASAP KEBAKARAN TAS SIAGA BENCANA
"
2025,2025-09-02,"KOTA ADM. JAKARTA PUSAT",GAMBIR,"PETOJO UTARA","JL. KYAI HAJI ZAINUL ARIFIN NO.71",21,"EDUKASI GEMPA BUMI EDUKASI P3K EDUKASI PEMADAM KEBAKARAN EDUKASI BANJIR EDUKASI ASAP KEBAKARAN TAS SIAGA BENCANA
"
2025,2025-08-26,"KOTA ADM. JAKARTA PUSAT",GAMBIR,"PETOJO UTARA","JL.KYAI HAJI ZAINJUL ARIFIN NO.71",93,"EDUKASI GEMPA BUMI EDUKASI P3K EDUKASI PEMADAM KEBAKARAN EDUKASI BANJIR EDUKASI ASAP KEBAKARAN TAS SIAGA BENCANA"
2025,2025-09-03,"KOTA ADM. JAKARTA PUSAT",GAMBIR,"PETOJO UTARA","JL. KYAI HAJI ZAINUL ARIFIN NO.71",35,"EDUKASI GEMPA BUMI EDUKASI P3K EDUKASI PEMADAM KEBAKARAN EDUKASI BANJIR EDUKASI ASAP KEBAKARAN TAS SIAGA BENCANA
"
2025,2025-09-04,"KOTA ADM. JAKARTA PUSAT",GAMBIR,"PETOJO UTARA","JL. KYAI HAJI ZAINUL ARIFIN NO.71",12,"EDUKASI GEMPA BUMI EDUKASI P3K EDUKASI PEMADAM KEBAKARAN EDUKASI BANJIR EDUKASI ASAP KEBAKARAN TAS SIAGA BENCANA"
2025,2025-08-27,"KOTA ADM. JAKARTA PUSAT",GAMBIR,"PETOJO UTARA","JL.KYAI HAJI ZAINJUL ARIFIN NO.71",127,"EDUKASI GEMPA BUMI EDUKASI P3K EDUKASI PEMADAM KEBAKARAN EDUKASI BANJIR EDUKASI ASAP KEBAKARAN TAS SIAGA BENCANA"
2025,2025-09-08,"KOTA ADM. JAKARTA PUSAT",GAMBIR,"PETOJO UTARA","JL. KYAI HAJI ZAINUL ARIFIN NO.71",53,"EDUKASI GEMPA BUMI EDUKASI P3K EDUKASI PEMADAM KEBAKARAN EDUKASI BANJIR EDUKASI ASAP KEBAKARAN TAS SIAGA BENCANA
"
2025,2025-08-28,"KOTA ADM. JAKARTA PUSAT",GAMBIR,"PETOJO UTARA","JL.KYAI HAJI ZAINJUL ARIFIN NO.71",57,"EDUKASI GEMPA BUMI EDUKASI P3K EDUKASI PEMADAM KEBAKARAN EDUKASI BANJIR EDUKASI ASAP KEBAKARAN TAS SIAGA BENCANA"
2025,2025-08-29,"KOTA ADM. JAKARTA PUSAT",GAMBIR,"PETOJO UTARA","JL.KYAI HAJI ZAINJUL ARIFIN NO.71",22,"EDUKASI GEMPA BUMI EDUKASI P3K EDUKASI PEMADAM KEBAKARAN EDUKASI BANJIR EDUKASI ASAP KEBAKARAN TAS SIAGA BENCANA"
2025,2025-09-09,"KOTA ADM. JAKARTA PUSAT",GAMBIR,"PETOJO UTARA","JL. KYAI HAJI ZAINUL ARIFIN NO.71",71,"EDUKASI GEMPA BUMI EDUKASI P3K EDUKASI PEMADAM KEBAKARAN EDUKASI BANJIR EDUKASI ASAP KEBAKARAN TAS SIAGA BENCANA
"
2025,2025-10-01,"KOTA ADM. JAKARTA PUSAT",GAMBIR,"PETOJO UTARA","JL.KYAI HAJI ZAINJUL ARIFIN NO.71",79,"EDUKASI GEMPA BUMI EDUKASI P3K EDUKASI PEMADAM KEBAKARAN EDUKASI BANJIR EDUKASI ASAP KEBAKARAN TAS SIAGA BENCANA"
2025,2025-09-15,"KOTA ADM. JAKARTA PUSAT",GAMBIR,"PETOJO UTARA","JL. KYAI HAJI ZAINUL ARIFIN NO.71",25,"EDUKASI GEMPA BUMI EDUKASI P3K EDUKASI PEMADAM KEBAKARAN EDUKASI BANJIR EDUKASI ASAP KEBAKARAN TAS SIAGA BENCANA
"
2025,2025-10-02,"KOTA ADM. JAKARTA PUSAT",GAMBIR,"PETOJO UTARA","JL.KYAI HAJI ZAINJUL ARIFIN NO.71",8,"EDUKASI GEMPA BUMI EDUKASI P3K EDUKASI PEMADAM KEBAKARAN EDUKASI BANJIR EDUKASI ASAP KEBAKARAN TAS SIAGA BENCANA"
2025,2025-09-17,"KOTA ADM. JAKARTA PUSAT",GAMBIR,"PETOJO UTARA","JL. KYAI HAJI ZAINUL ARIFIN NO.71",50,"EDUKASI GEMPA BUMI EDUKASI P3K EDUKASI PEMADAM KEBAKARAN EDUKASI BANJIR EDUKASI ASAP KEBAKARAN TAS SIAGA BENCANA
"
2025,2025-10-03,"KOTA ADM. JAKARTA PUSAT",GAMBIR,"PETOJO UTARA","JL.KYAI HAJI ZAINJUL ARIFIN NO.71",94,"EDUKASI GEMPA BUMI EDUKASI P3K EDUKASI PEMADAM KEBAKARAN EDUKASI BANJIR EDUKASI ASAP KEBAKARAN TAS SIAGA BENCANA"
2025,2025-09-22,"KOTA ADM. JAKARTA PUSAT",GAMBIR,"PETOJO UTARA","JL. KYAI HAJI ZAINUL ARIFIN NO.71",45,"EDUKASI GEMPA BUMI EDUKASI P3K EDUKASI PEMADAM KEBAKARAN EDUKASI BANJIR EDUKASI ASAP KEBAKARAN TAS SIAGA BENCANA
"
2025,2025-09-23,"KOTA ADM. JAKARTA PUSAT",GAMBIR,"PETOJO UTARA","JL. KYAI HAJI ZAINUL ARIFIN NO.71",104,"EDUKASI GEMPA BUMI EDUKASI P3K EDUKASI PEMADAM KEBAKARAN EDUKASI BANJIR EDUKASI ASAP KEBAKARAN TAS SIAGA BENCANA
"
2025,2025-10-13,"KOTA ADM. JAKARTA PUSAT",GAMBIR,"PETOJO UTARA","JL.KYAI HAJI ZAINJUL ARIFIN NO.71",48,"EDUKASI GEMPA BUMI EDUKASI P3K EDUKASI PEMADAM KEBAKARAN EDUKASI BANJIR EDUKASI ASAP KEBAKARAN TAS SIAGA BENCANA"
2025,2025-09-24,"KOTA ADM. JAKARTA PUSAT",GAMBIR,"PETOJO UTARA","JL. KYAI HAJI ZAINUL ARIFIN NO.71",113,"EDUKASI GEMPA BUMI EDUKASI P3K EDUKASI PEMADAM KEBAKARAN EDUKASI BANJIR EDUKASI ASAP KEBAKARAN TAS SIAGA BENCANA

"
2025,2025-09-25,"KOTA ADM. JAKARTA PUSAT",GAMBIR,"PETOJO UTARA","JL. KYAI HAJI ZAINUL ARIFIN NO.71",106,"EDUKASI GEMPA BUMI EDUKASI P3K EDUKASI PEMADAM KEBAKARAN EDUKASI BANJIR EDUKASI ASAP KEBAKARAN TAS SIAGA BENCANA
"
2025,2025-09-26,"KOTA ADM. JAKARTA PUSAT",GAMBIR,"PETOJO UTARA","JL. KYAI HAJI ZAINUL ARIFIN NO.71",58,"EDUKASI GEMPA BUMI EDUKASI P3K EDUKASI PEMADAM KEBAKARAN EDUKASI BANJIR EDUKASI ASAP KEBAKARAN TAS SIAGA BENCANA
"
2025,2025-09-29,"KOTA ADM. JAKARTA PUSAT",GAMBIR,"PETOJO UTARA","JL. KYAI HAJI ZAINUL ARIFIN NO.71",98,"EDUKASI GEMPA BUMI EDUKASI P3K EDUKASI PEMADAM KEBAKARAN EDUKASI BANJIR EDUKASI ASAP KEBAKARAN TAS SIAGA BENCANA
"
2025,2025-10-14,"KOTA ADM. JAKARTA PUSAT",GAMBIR,"PETOJO UTARA","JL.KYAI HAJI ZAINJUL ARIFIN NO.71",98,"EDUKASI GEMPA BUMI EDUKASI P3K EDUKASI PEMADAM KEBAKARAN EDUKASI BANJIR EDUKASI ASAP KEBAKARAN TAS SIAGA BENCANA"
2025,2025-09-30,"KOTA ADM. JAKARTA PUSAT",GAMBIR,"PETOJO UTARA","JL. KYAI HAJI ZAINUL ARIFIN NO.71",8,"EDUKASI GEMPA BUMI EDUKASI P3K EDUKASI PEMADAM KEBAKARAN EDUKASI BANJIR EDUKASI ASAP KEBAKARAN TAS SIAGA BENCANA
"
2025,2025-10-15,"KOTA ADM. JAKARTA PUSAT",GAMBIR,"PETOJO UTARA","JL.KYAI HAJI ZAINJUL ARIFIN NO.71",54,"EDUKASI GEMPA BUMI EDUKASI P3K EDUKASI PEMADAM KEBAKARAN EDUKASI BANJIR EDUKASI ASAP KEBAKARAN TAS SIAGA BENCANA"
2025,2025-10-16,"KOTA ADM. JAKARTA PUSAT",GAMBIR,"PETOJO UTARA","JL.KYAI HAJI ZAINJUL ARIFIN NO.71",64,"EDUKASI GEMPA BUMI EDUKASI P3K EDUKASI PEMADAM KEBAKARAN EDUKASI BANJIR EDUKASI ASAP KEBAKARAN TAS SIAGA BENCANA"
2025,2025-11-03,"KOTA ADM. JAKARTA PUSAT",GAMBIR,"PETOJO UTARA","JL. KYAI HAJI ZAINUL ARIFIN NO.71",88,"EDUKASI GEMPA BUMI EDUKASI P3K EDUKASI PEMADAM KEBAKARAN EDUKASI BANJIR EDUKASI ASAP KEBAKARAN TAS SIAGA BENCANA
"
2025,2025-10-17,"KOTA ADM. JAKARTA PUSAT",GAMBIR,"PETOJO UTARA","RUANG LITERASI KEBENCANAAN",57,"EDUKASI GEMPA BUMI EDUKASI P3K EDUKASI PEMADAM KEBAKARAN EDUKASI BANJIR EDUKASI ASAP KEBAKARAN TAS SIAGA BENCANA"
2025,2025-11-04,"KOTA ADM. JAKARTA PUSAT",GAMBIR,"PETOJO UTARA","JL. KYAI HAJI ZAINUL ARIFIN NO.71",96,"EDUKASI GEMPA BUMI EDUKASI P3K EDUKASI PEMADAM KEBAKARAN EDUKASI BANJIR EDUKASI ASAP KEBAKARAN TAS SIAGA BENCANA
"
2025,2025-10-20,"KOTA ADM. JAKARTA PUSAT",GAMBIR,"PETOJO UTARA","JL.KYAI HAJI ZAINJUL ARIFIN NO.71",42,"EDUKASI GEMPA BUMI EDUKASI P3K EDUKASI PEMADAM KEBAKARAN EDUKASI BANJIR EDUKASI ASAP KEBAKARAN TAS SIAGA BENCANA"
2025,2025-11-05,"KOTA ADM. JAKARTA PUSAT",GAMBIR,"PETOJO UTARA","JL. KYAI HAJI ZAINUL ARIFIN NO.71",60,"EDUKASI GEMPA BUMI EDUKASI P3K EDUKASI PEMADAM KEBAKARAN EDUKASI BANJIR EDUKASI ASAP KEBAKARAN TAS SIAGA BENCANA
"
2025,2025-11-06,"KOTA ADM. JAKARTA PUSAT",GAMBIR,"PETOJO UTARA","JL. KYAI HAJI ZAINUL ARIFIN NO.71",100,"EDUKASI GEMPA BUMI EDUKASI P3K EDUKASI PEMADAM KEBAKARAN EDUKASI BANJIR EDUKASI ASAP KEBAKARAN TAS SIAGA BENCANA
"
2025,2025-11-07,"KOTA ADM. JAKARTA PUSAT",GAMBIR,"PETOJO UTARA","JL. KYAI HAJI ZAINUL ARIFIN NO.71",108,"EDUKASI GEMPA BUMI EDUKASI P3K EDUKASI PEMADAM KEBAKARAN EDUKASI BANJIR EDUKASI ASAP KEBAKARAN TAS SIAGA BENCANA
"
2025,2025-11-10,"KOTA ADM. JAKARTA PUSAT",GAMBIR,"PETOJO UTARA","JL. KYAI HAJI ZAINUL ARIFIN NO.71",41,"EDUKASI GEMPA BUMI EDUKASI P3K EDUKASI PEMADAM KEBAKARAN EDUKASI BANJIR EDUKASI ASAP KEBAKARAN TAS SIAGA BENCANA
"
2025,2025-11-11,"KOTA ADM. JAKARTA PUSAT",GAMBIR,"PETOJO UTARA","JL. KYAI HAJI ZAINUL ARIFIN NO.71",106,"EDUKASI GEMPA BUMI EDUKASI P3K EDUKASI PEMADAM KEBAKARAN EDUKASI BANJIR EDUKASI ASAP KEBAKARAN TAS SIAGA BENCANA
"
2025,2025-11-12,"KOTA ADM. JAKARTA PUSAT",GAMBIR,"PETOJO UTARA","JL. KYAI HAJI ZAINUL ARIFIN NO.71",8,"EDUKASI GEMPA BUMI EDUKASI P3K EDUKASI PEMADAM KEBAKARAN EDUKASI BANJIR EDUKASI ASAP KEBAKARAN TAS SIAGA BENCANA
"
2025,2025-11-13,"KOTA ADM. JAKARTA PUSAT",GAMBIR,"PETOJO UTARA","JL. KYAI HAJI ZAINUL ARIFIN NO.71",7,"EDUKASI GEMPA BUMI EDUKASI P3K EDUKASI PEMADAM KEBAKARAN EDUKASI BANJIR EDUKASI ASAP KEBAKARAN TAS SIAGA BENCANA
"
2025,2025-11-14,"KOTA ADM. JAKARTA PUSAT",GAMBIR,"PETOJO UTARA","JL. KYAI HAJI ZAINUL ARIFIN NO.71",30,"EDUKASI GEMPA BUMI EDUKASI P3K EDUKASI PEMADAM KEBAKARAN EDUKASI BANJIR EDUKASI ASAP KEBAKARAN TAS SIAGA BENCANA
"
2025,2025-11-17,"KOTA ADM. JAKARTA PUSAT",GAMBIR,"PETOJO UTARA","JL. KYAI HAJI ZAINUL ARIFIN NO.71",102,"EDUKASI GEMPA BUMI EDUKASI P3K EDUKASI PEMADAM KEBAKARAN EDUKASI BANJIR EDUKASI ASAP KEBAKARAN TAS SIAGA BENCANA
"
2025,2025-11-18,"KOTA ADM. JAKARTA PUSAT",GAMBIR,"PETOJO UTARA","JL. KYAI HAJI ZAINUL ARIFIN NO.71",55,"EDUKASI GEMPA BUMI EDUKASI P3K EDUKASI PEMADAM KEBAKARAN EDUKASI BANJIR EDUKASI ASAP KEBAKARAN TAS SIAGA BENCANA
"
2025,2025-11-19,"KOTA ADM. JAKARTA PUSAT",GAMBIR,"PETOJO UTARA","JL. KYAI HAJI ZAINUL ARIFIN NO.71",50,"EDUKASI GEMPA BUMI EDUKASI P3K EDUKASI PEMADAM KEBAKARAN EDUKASI BANJIR EDUKASI ASAP KEBAKARAN TAS SIAGA BENCANA
"
2025,2025-11-20,"KOTA ADM. JAKARTA PUSAT",GAMBIR,"PETOJO UTARA","JL. KYAI HAJI ZAINUL ARIFIN NO.71",100,"EDUKASI GEMPA BUMI EDUKASI P3K EDUKASI PEMADAM KEBAKARAN EDUKASI BANJIR EDUKASI ASAP KEBAKARAN TAS SIAGA BENCANA
"
2025,2025-11-21,"KOTA ADM. JAKARTA PUSAT",GAMBIR,"PETOJO UTARA","JL. KYAI HAJI ZAINUL ARIFIN NO.71",27,"EDUKASI GEMPA BUMI EDUKASI P3K EDUKASI PEMADAM KEBAKARAN EDUKASI BANJIR EDUKASI ASAP KEBAKARAN TAS SIAGA BENCANA
"
2025,2025-10-21,"KOTA ADM. JAKARTA PUSAT",GAMBIR,"PETOJO UTARA","JL.KYAI HAJI ZAINJUL ARIFIN NO.71",58,"EDUKASI GEMPA BUMI EDUKASI P3K EDUKASI PEMADAM KEBAKARAN EDUKASI BANJIR EDUKASI ASAP KEBAKARAN TAS SIAGA BENCANA"
2025,2025-10-22,"KOTA ADM. JAKARTA PUSAT",GAMBIR,"PETOJO UTARA","JL.KYAI HAJI ZAINJUL ARIFIN NO.71",100,"EDUKASI GEMPA BUMI EDUKASI P3K EDUKASI PEMADAM KEBAKARAN EDUKASI BANJIR EDUKASI ASAP KEBAKARAN TAS SIAGA BENCANA"
2025,2025-10-23,"KOTA ADM. JAKARTA PUSAT",GAMBIR,"PETOJO UTARA","JL.KYAI HAJI ZAINJUL ARIFIN NO.71",88,"EDUKASI GEMPA BUMI EDUKASI P3K EDUKASI PEMADAM KEBAKARAN EDUKASI BANJIR EDUKASI ASAP KEBAKARAN TAS SIAGA BENCANA"
2025,2025-10-24,"KOTA ADM. JAKARTA PUSAT",GAMBIR,"PETOJO UTARA","JL.KYAI HAJI ZAINJUL ARIFIN NO.71",47,"EDUKASI GEMPA BUMI EDUKASI P3K EDUKASI PEMADAM KEBAKARAN EDUKASI BANJIR EDUKASI ASAP KEBAKARAN TAS SIAGA BENCANA"
2025,2025-10-27,"KOTA ADM. JAKARTA PUSAT",GAMBIR,"PETOJO UTARA","JL.KYAI HAJI ZAINJUL ARIFIN NO.71",57,"EDUKASI GEMPA BUMI EDUKASI P3K EDUKASI PEMADAM KEBAKARAN EDUKASI BANJIR EDUKASI ASAP KEBAKARAN TAS SIAGA BENCANA"
2025,2025-10-28,"KOTA ADM. JAKARTA PUSAT",GAMBIR,"PETOJO UTARA","JL.KYAI HAJI ZAINJUL ARIFIN NO.71",55,"EDUKASI GEMPA BUMI EDUKASI P3K EDUKASI PEMADAM KEBAKARAN EDUKASI BANJIR EDUKASI ASAP KEBAKARAN TAS SIAGA BENCANA"
2025,2025-10-29,"KOTA ADM. JAKARTA PUSAT",GAMBIR,"PETOJO UTARA","JL.KYAI HAJI ZAINJUL ARIFIN NO.71",57,"EDUKASI GEMPA BUMI EDUKASI P3K EDUKASI PEMADAM KEBAKARAN EDUKASI BANJIR EDUKASI ASAP KEBAKARAN TAS SIAGA BENCANA"
2025,2025-10-30,"KOTA ADM. JAKARTA PUSAT",GAMBIR,"PETOJO UTARA","JL.KYAI HAJI ZAINJUL ARIFIN NO.71",58,"EDUKASI GEMPA BUMI EDUKASI P3K EDUKASI PEMADAM KEBAKARAN EDUKASI BANJIR EDUKASI ASAP KEBAKARAN TAS SIAGA BENCANA"
2025,2025-10-31,"KOTA ADM. JAKARTA PUSAT",GAMBIR,"PETOJO UTARA","JL.KYAI HAJI ZAINJUL ARIFIN NO.71",3,"EDUKASI GEMPA BUMI EDUKASI P3K EDUKASI PEMADAM KEBAKARAN EDUKASI BANJIR EDUKASI ASAP KEBAKARAN TAS SIAGA BENCANA"
2025,2025-11-24,"KOTA ADM. JAKARTA PUSAT",GAMBIR,"PETOJO UTARA","JL. KYAI HAJI ZAINUL ARIFIN NO.71",3,"EDUKASI GEMPA BUMI EDUKASI P3K EDUKASI PEMADAM KEBAKARAN EDUKASI BANJIR EDUKASI ASAP KEBAKARAN TAS SIAGA BENCANA
"
2025,2025-12-01,"KOTA ADM. JAKARTA PUSAT",GAMBIR,"PETOJO UTARA","JL.KYAI HAJI ZAINJUL ARIFIN NO.71",136,"EDUKASI GEMPA BUMI EDUKASI P3K EDUKASI PEMADAM KEBAKARAN EDUKASI BANJIR EDUKASI ASAP KEBAKARAN TAS SIAGA BENCANA"
2025,2025-11-25,"KOTA ADM. JAKARTA PUSAT",GAMBIR,"PETOJO UTARA","JL. KYAI HAJI ZAINUL ARIFIN NO.71",45,"EDUKASI GEMPA BUMI EDUKASI P3K EDUKASI PEMADAM KEBAKARAN EDUKASI BANJIR EDUKASI ASAP KEBAKARAN TAS SIAGA BENCANA
"
2025,2025-12-02,"KOTA ADM. JAKARTA PUSAT",GAMBIR,"PETOJO UTARA","JL.KYAI HAJI ZAINJUL ARIFIN NO.71",16,"EDUKASI GEMPA BUMI EDUKASI P3K EDUKASI PEMADAM KEBAKARAN EDUKASI BANJIR EDUKASI ASAP KEBAKARAN TAS SIAGA BENCANA"
2025,2025-11-26,"KOTA ADM. JAKARTA PUSAT",GAMBIR,"PETOJO UTARA","JL. KYAI HAJI ZAINUL ARIFIN NO.71",73,"EDUKASI GEMPA BUMI EDUKASI P3K EDUKASI PEMADAM KEBAKARAN EDUKASI BANJIR EDUKASI ASAP KEBAKARAN TAS SIAGA BENCANA
"
2025,2025-11-27,"KOTA ADM. JAKARTA PUSAT",GAMBIR,"PETOJO UTARA","JL. KYAI HAJI ZAINUL ARIFIN NO.71",96,"EDUKASI GEMPA BUMI EDUKASI P3K EDUKASI PEMADAM KEBAKARAN EDUKASI BANJIR EDUKASI ASAP KEBAKARAN TAS SIAGA BENCANA
"
2025,2025-12-03,"KOTA ADM. JAKARTA PUSAT",GAMBIR,"PETOJO UTARA","JL.KYAI HAJI ZAINJUL ARIFIN NO.71",80,"EDUKASI GEMPA BUMI EDUKASI P3K EDUKASI PEMADAM KEBAKARAN EDUKASI BANJIR EDUKASI ASAP KEBAKARAN TAS SIAGA BENCANA"
2025,2025-11-28,"KOTA ADM. JAKARTA PUSAT",GAMBIR,"PETOJO UTARA","JL. KYAI HAJI ZAINUL ARIFIN NO.71",9,"EDUKASI GEMPA BUMI EDUKASI P3K EDUKASI PEMADAM KEBAKARAN EDUKASI BANJIR EDUKASI ASAP KEBAKARAN TAS SIAGA BENCANA
"
2025,2025-12-04,"KOTA ADM. JAKARTA PUSAT",GAMBIR,"PETOJO UTARA","JL.KYAI HAJI ZAINJUL ARIFIN NO.71",77,"EDUKASI GEMPA BUMI EDUKASI P3K EDUKASI PEMADAM KEBAKARAN EDUKASI BANJIR EDUKASI ASAP KEBAKARAN TAS SIAGA BENCANA"
2025,2025-12-05,"KOTA ADM. JAKARTA PUSAT",GAMBIR,"PETOJO UTARA","JL.KYAI HAJI ZAINJUL ARIFIN NO.71",26,"EDUKASI GEMPA BUMI EDUKASI P3K EDUKASI PEMADAM KEBAKARAN EDUKASI BANJIR EDUKASI ASAP KEBAKARAN TAS SIAGA BENCANA	"
2025,2025-12-08,"KOTA ADM. JAKARTA PUSAT",GAMBIR,"PETOJO UTARA","JL.KYAI HAJI ZAINJUL ARIFIN NO.71",87,"EDUKASI GEMPA BUMI EDUKASI P3K EDUKASI PEMADAM KEBAKARAN EDUKASI BANJIR EDUKASI ASAP KEBAKARAN TAS SIAGA BENCANA	"
2025,2025-12-09,"KOTA ADM. JAKARTA PUSAT",GAMBIR,"PETOJO UTARA","JL.KYAI HAJI ZAINJUL ARIFIN NO.71",55,"EDUKASI GEMPA BUMI EDUKASI P3K EDUKASI PEMADAM KEBAKARAN EDUKASI BANJIR EDUKASI ASAP KEBAKARAN TAS SIAGA BENCANA"
2025,2025-12-10,"KOTA ADM. JAKARTA PUSAT",GAMBIR,"PETOJO UTARA","JL.KYAI HAJI ZAINJUL ARIFIN NO.71",84,"EDUKASI GEMPA BUMI EDUKASI P3K EDUKASI PEMADAM KEBAKARAN EDUKASI BANJIR EDUKASI ASAP KEBAKARAN TAS SIAGA BENCANA"
2025,2025-12-11,"KOTA ADM. JAKARTA PUSAT",GAMBIR,"PETOJO UTARA","JL.KYAI HAJI ZAINJUL ARIFIN NO.71",99,"EDUKASI GEMPA BUMI EDUKASI P3K EDUKASI PEMADAM KEBAKARAN EDUKASI BANJIR EDUKASI ASAP KEBAKARAN TAS SIAGA BENCANA"
2025,2025-12-12,"KOTA ADM. JAKARTA PUSAT",GAMBIR,"PETOJO UTARA","JL.KYAI HAJI ZAINJUL ARIFIN NO.71",8,"EDUKASI GEMPA BUMI EDUKASI P3K EDUKASI PEMADAM KEBAKARAN EDUKASI BANJIR EDUKASI ASAP KEBAKARAN TAS SIAGA BENCANA"
2025,2025-12-15,"KOTA ADM. JAKARTA PUSAT",GAMBIR,"PETOJO UTARA","JL.KYAI HAJI ZAINJUL ARIFIN NO.71",89,"EDUKASI GEMPA BUMI EDUKASI P3K EDUKASI PEMADAM KEBAKARAN EDUKASI BANJIR EDUKASI ASAP KEBAKARAN TAS SIAGA BENCANA"
2025,2025-12-16,"KOTA ADM. JAKARTA PUSAT",GAMBIR,"PETOJO UTARA","JL.KYAI HAJI ZAINJUL ARIFIN NO.71",101,"EDUKASI GEMPA BUMI EDUKASI P3K EDUKASI PEMADAM KEBAKARAN EDUKASI BANJIR EDUKASI ASAP KEBAKARAN TAS SIAGA BENCANA"
2025,2025-12-17,"KOTA ADM. JAKARTA PUSAT",GAMBIR,"PETOJO UTARA","JL.KYAI HAJI ZAINJUL ARIFIN NO.71",59,"EDUKASI GEMPA BUMI EDUKASI P3K EDUKASI PEMADAM KEBAKARAN EDUKASI BANJIR EDUKASI ASAP KEBAKARAN TAS SIAGA BENCANA"
2025,2025-12-18,"KOTA ADM. JAKARTA PUSAT",GAMBIR,"PETOJO UTARA","JL.KYAI HAJI ZAINJUL ARIFIN NO.71",104,"EDUKASI GEMPA BUMI EDUKASI P3K EDUKASI PEMADAM KEBAKARAN EDUKASI BANJIR EDUKASI ASAP KEBAKARAN TAS SIAGA BENCANA"
2025,2025-12-19,"KOTA ADM. JAKARTA PUSAT",GAMBIR,"PETOJO UTARA","JL.KYAI HAJI ZAINJUL ARIFIN NO.71",8,"EDUKASI GEMPA BUMI EDUKASI P3K EDUKASI PEMADAM KEBAKARAN EDUKASI BANJIR EDUKASI ASAP KEBAKARAN TAS SIAGA BENCANA"
2025,2025-12-22,"KOTA ADM. JAKARTA PUSAT",GAMBIR,"PETOJO UTARA","JL.KYAI HAJI ZAINJUL ARIFIN NO.71",93,"EDUKASI GEMPA BUMI EDUKASI P3K EDUKASI PEMADAM KEBAKARAN EDUKASI BANJIR EDUKASI ASAP KEBAKARAN TAS SIAGA BENCANA"
2025,2025-12-23,"KOTA ADM. JAKARTA PUSAT",GAMBIR,"PETOJO UTARA","JL.KYAI HAJI ZAINJUL ARIFIN NO.71",84,"EDUKASI GEMPA BUMI EDUKASI P3K EDUKASI PEMADAM KEBAKARAN EDUKASI BANJIR EDUKASI ASAP KEBAKARAN TAS SIAGA BENCANA"
2025,2025-12-24,"KOTA ADM. JAKARTA PUSAT",GAMBIR,"PETOJO UTARA","JL.KYAI HAJI ZAINJUL ARIFIN NO.71",44,"EDUKASI GEMPA BUMI EDUKASI P3K EDUKASI PEMADAM KEBAKARAN EDUKASI BANJIR EDUKASI ASAP KEBAKARAN TAS SIAGA BENCANA"
2025,2025-12-29,"KOTA ADM. JAKARTA PUSAT",GAMBIR,"PETOJO UTARA","JL.KYAI HAJI ZAINJUL ARIFIN NO.71",41,"EDUKASI GEMPA BUMI EDUKASI P3K EDUKASI PEMADAM KEBAKARAN EDUKASI BANJIR EDUKASI ASAP KEBAKARAN TAS SIAGA BENCANA"
2025,2025-12-30,"KOTA ADM. JAKARTA PUSAT",GAMBIR,"PETOJO UTARA","JL.KYAI HAJI ZAINJUL ARIFIN NO.71",47,"EDUKASI GEMPA BUMI EDUKASI P3K EDUKASI PEMADAM KEBAKARAN EDUKASI BANJIR EDUKASI ASAP KEBAKARAN TAS SIAGA BENCANA"
2025,2025-12-31,"KOTA ADM. JAKARTA PUSAT",GAMBIR,"PETOJO UTARA","JL.KYAI HAJI ZAINJUL ARIFIN NO.71",20,"EDUKASI GEMPA BUMI EDUKASI P3K EDUKASI PEMADAM KEBAKARAN EDUKASI BANJIR EDUKASI ASAP KEBAKARAN TAS SIAGA BENCANA"
2025,2025-08-05,"KOTA ADM. JAKARTA PUSAT","CEMPAKA PUTIH","CEMPAKA PUTIH TIMUR","AULA LT. 4 KOMP. PERKANTORAN CEMPAKA PUTIH",40,"A. MANAJEMEN BENCANA DAN ADAPTASI PERUBAHAN IKLIM, KESIAPSIAGAAN GEMPA BUMI
B. PERTOLONGAN PERTAMA"
2025,2025-08-12,"KOTA ADM. JAKARTA PUSAT",MENTENG,MENTENG,"AULA KANTOR KELURAHAN MENTENG",40,"A. MANAJEMEN BENCANA DAN ADAPTASI PERUBAHAN IKLIM, KESIAPSIAGAAN GEMPA BUMI
B. PERTOLONGAN PERTAMA"
2025,2025-08-13,"KOTA ADM. JAKARTA PUSAT",SENEN,PASEBAN,"AULA KANTOR KELURAHAN PASEBAN",40,"A. MANAJEMEN BENCANA DAN ADAPTASI PERUBAHAN IKLIM, KESIAPSIAGAAN GEMPA BUMI
B. PERTOLONGAN PERTAMA"
2025,2025-08-13,"KOTA ADM. JAKARTA PUSAT",KEMAYORAN,"UTAN PANJANG","AULA KANTOR KELURAHAN UTAN PANJANG",40,"A. MANAJEMEN BENCANA DAN ADAPTASI PERUBAHAN IKLIM, KESIAPSIAGAAN GEMPA BUMI
B. PERTOLONGAN PERTAMA"
2025,2025-08-19,"KOTA ADM. JAKARTA PUSAT","SAWAH BESAR","PASAR BARU","KANTOR KELURAHAN PASAR BARU",40,"A. MANAJEMEN BENCANA DAN ADAPTASI PERUBAHAN IKLIM, KESIAPSIAGAAN GEMPA BUMI
B. PERTOLONGAN PERTAMA"
2025,2025-02-11,"KOTA ADM. JAKARTA UTARA",PENJARINGAN,"KAMAL MUARA","JL. PANTAI INDAH KAPUK BOULEVARD, RT.6/RW.2, KAMAL MUARA, KEC. PENJARINGAN, JKT UTARA",50,"BANTUAN HIDUP DASAR
PENANGANAN PADA LUKA DAN PATAH TULANG"
2025,2025-10-09,"KOTA ADM. JAKARTA UTARA",CILINCING,"SEMPER TIMUR"," JL. MADYA KEBANTENAN NO.4 4, RT.4/RW.2, SEMPER TIM., KEC. CILINCING, JKT UTARA, DAERAH KHUSUS IBUKOTA JAKARTA 14130",30,"POTENSI MEGATHRUST 
TEKNIK EVAKUASI GEMPA BUMI
SIMULASI GEMPA BUMI"
2025,2025-10-13,"KOTA ADM. JAKARTA UTARA","TANJUNG PRIOK","KEBON BAWANG","JL. YOS SUDARSO NO.27-29 19, RT.19/RW.5, KB. BAWANG, KEC. TJ. PRIOK, JKT UTARA, DAERAH KHUSUS IBUKOTA JAKARTA 14320",45,"MANAJEMEN BENCANA,KESIAPSIAGAAN GEMPABUMI, MITIGASI DAN ADAPTASI PERUBAHAN IKLIM, DAN PERTOLONGAN PERTAMA"
2025,2025-05-06,"KOTA ADM. JAKARTA UTARA","KELAPA GADING","KELAPA GADING BARAT","JL. BOULEVARD BAR. RAYA NO.12, RT.18/RW.19, KLP. GADING BAR., KEC. KLP. GADING, JKT UTARA, DAERAH KHUSUS IBUKOTA JAKARTA 14240",150,"POTENSI MEGATHRUST 
TEKNIK EVAKUASI GEMPA BUMI"
2025,2025-10-14,"KOTA ADM. JAKARTA UTARA",PENJARINGAN,PLUIT,"RUSUN MUARA ANGKE, BLOK, BLOK. D4 3D, RT RW. 007 020, PLUIT. PENJARINGAN, JAKARTA UTARA ",45,"MANAJEMEN BENCANA,KESIAPSIAGAAN GEMPABUMI, MITIGASI DAN ADAPTASI PERUBAHAN IKLIM, DAN PERTOLONGAN PERTAMA"
2025,2025-10-14,"KOTA ADM. JAKARTA UTARA",CILINCING,SUKAPURA,"JL. TIPAR CAKUNG MANUNGGAL II GANG PROYEK, RT.16 / RW.07, RT.14/RW.7, SUKAPURA, KEC. CILINCING, JKT UTARA, DAERAH KHUSUS IBUKOTA JAKARTA 14140",45,"MANAJEMEN BENCANA,KESIAPSIAGAAN GEMPABUMI, MITIGASI DAN ADAPTASI PERUBAHAN IKLIM, DAN PERTOLONGAN PERTAMA"
2025,2025-08-21,"KOTA ADM. JAKARTA UTARA","TANJUNG PRIOK","SUNTER JAYA","RT.7/RW.14, SUNTER JAYA, KEC. TJ. PRIOK, JKT UTARA, DAERAH KHUSUS IBUKOTA JAKARTA 14360",40,"MATERI KESIAPSIAGAAN BANJIR DI GEDUNG
SIMULASI BANJIR"
2025,2025-11-05,"KOTA ADM. JAKARTA UTARA","TANJUNG PRIOK","SUNTER JAYA","JL. YOS SUDARSO NO.30, RT.19/RW.5, SUNTER JAYA, KEC. TJ. PRIOK, JKT UTARA, DAERAH KHUSUS IBUKOTA JAKARTA 14360",40,"POTENSI MEGATHRUST & LIKUIFAKSI
TEKNIK EVAKUASI GEMPA BUMI
SIMULASI GEMPA BUMI DAN TSUNAMI"
2025,2025-12-10,"KOTA ADM. JAKARTA UTARA",PENJARINGAN,PENJARINGAN,"JL. BANDENGAN UTARA RAYA NO.79 7, RT.7/RW.16, PENJARINGAN, KECAMATAN PENJARINGAN, JKT UTARA, DAERAH KHUSUS IBUKOTA JAKARTA 14440",50," POTENSI MEGATHRUST 
TEKNIK EVAKUASI GEMPA BUMI
SIMULASI GEMPA BUMI"
2025,2025-07-21,"KOTA ADM. JAKARTA UTARA","TANJUNG PRIOK","SUNTER AGUNG","KANTOR KELURAHAN SUNTER AGUNG",40,"A. MANAJEMEN BENCANA DAN ADAPTASI PERUBAHAN IKLIM, KESIAPSIAGAAN GEMPA BUMI
B. PERTOLONGAN PERTAMA"
2025,2025-07-22,"KOTA ADM. JAKARTA UTARA","TANJUNG PRIOK",PAPANGGO,"AULA KELURAHAN PAPANGGO",40,"A. MANAJEMEN BENCANA DAN ADAPTASI PERUBAHAN IKLIM, KESIAPSIAGAAN GEMPA BUMI
B. PERTOLONGAN PERTAMA"
2025,2025-07-23,"KOTA ADM. JAKARTA UTARA",PADEMANGAN,"PADEMANGAN BARAT","RPTRA BUDI MULIA",40,"A. MANAJEMEN BENCANA DAN ADAPTASI PERUBAHAN IKLIM, KESIAPSIAGAAN GEMPA BUMI
B. PERTOLONGAN PERTAMA"
2025,2025-07-30,"KOTA ADM. JAKARTA UTARA",KOJA,KOJA,"KANTOR KELURAHAN KOJA",40,"A. MANAJEMEN BENCANA DAN ADAPTASI PERUBAHAN IKLIM, KESIAPSIAGAAN GEMPA BUMI
B. PERTOLONGAN PERTAMA"
2025,2025-07-30,"KOTA ADM. JAKARTA UTARA","TANJUNG PRIOK","SUNGAI BAMBU","KANTOR KELURAHAN SUNGAI BAMBU",40,"A. MANAJEMEN BENCANA DAN ADAPTASI PERUBAHAN IKLIM, KESIAPSIAGAAN GEMPA BUMI
B. PERTOLONGAN PERTAMA"
2025,2025-08-11,"KOTA ADM. JAKARTA UTARA",KOJA,"TUGU SELATAN","AULA KELURAHAN TUGU SELATAN",40,"A. MANAJEMEN BENCANA DAN ADAPTASI PERUBAHAN IKLIM, KESIAPSIAGAAN GEMPA BUMI
B. PERTOLONGAN PERTAMA"
2025,2025-01-22,"KOTA ADM. JAKARTA BARAT","PAL MERAH",KEMANGGISAN,"JL. SAKTI RAYA, KEMANGGISAN PALMERAH JAKARTA BARAT",50,"POTENSI MEGATHRUST 
TEKNIK EVAKUASI GEMPA BUMI
SIMULASI GEMPA BUMI"
2025,2025-02-04,"KOTA ADM. JAKARTA BARAT","PAL MERAH",SLIPI,"WISMA 76 17TH & 22TH FLOOR, JL. LETJEN S. PARMAN NO.KAV. 76, RT.4/RW.3, SLIPI, KEC. PALMERAH, KOTA JAKARTA BARAT",50,"POTENSI MEGATHRUST 
TEKNIK EVAKUASI GEMPA BUMI
SIMULASI GEMPA BUMI
TEKNIK BANTUAN HIDUP DASAR "
2025,2025-05-22,"KOTA ADM. JAKARTA BARAT","PAL MERAH","KOTA BAMBU SELATAN","JL. KS TUBUN I NO.2 3, RT.3/RW.2, KOTA BAMBU SEL., KEC. PALMERAH, KOTA JAKARTA BARAT, DAERAH KHUSUS IBUKOTA JAKARTA 11420",50,"POTENSI MEGATHRUST 
TEKNIK EVAKUASI GEMPA BUMI"
2025,2025-05-23,"KOTA ADM. JAKARTA BARAT","KEBON JERUK","KELAPA DUA","JL. RAYA KLP. DUA NO.9, RT.2/RW.5, KLP. DUA, KEC. KB. JERUK, KOTA JAKARTA BARAT, DAERAH KHUSUS IBUKOTA JAKARTA 11550",50,"POTENSI MEGATHRUST 
TEKNIK EVAKUASI GEMPA BUMI
BANTUAN HIDUP DASAR"
2025,2025-09-25,"KOTA ADM. JAKARTA BARAT","TAMAN SARI",PINANGSIA,"JL. KALI BESAR TIM. NO.5 7, RT.3/RW.6, PINANGSIA, TAMAN SARI, WEST JAKARTA CITY, JAKARTA 11110",100,"POTENSI MEGATHRUST 
TEKNIK EVAKUASI GEMPA BUMI
SIMULASI GEMPA BUMI"
2025,2025-10-23,"KOTA ADM. JAKARTA BARAT",KEMBANGAN,"MERUYA UTARA","JL. MERUYA ILIR RAYA NO.88 RUKO NO 2, RT.1/RW.5, MERUYA UTARA, KEC. KEMBANGAN, JAKARTA, DAERAH KHUSUS IBUKOTA JAKARTA 11610",45,"MANAJEMEN BENCANA,KESIAPSIAGAAN GEMPABUMI, MITIGASI DAN ADAPTASI PERUBAHAN IKLIM, DAN PERTOLONGAN PERTAMA"
2025,2025-11-22,"KOTA ADM. JAKARTA BARAT",KALIDERES,KALIDERES,"RUKO DAAN MOGOT BARU, JL. TANAH LOT NO.15 BLOK LC 14, RT.8/RW.12, KALIDERES, KEC. KALIDERES, JAKARTA, DAERAH KHUSUS IBUKOTA JAKARTA 11840",100,"POTENSI MEGATHRUST 
TEKNIK EVAKUASI GEMPA BUMI
SIMULASI GEMPA BUMI"
2025,2025-07-14,"KOTA ADM. JAKARTA BARAT","GROGOL PETAMBURAN","TANJUNG DUREN UTARA","RPTRA TAMAN APEL TANJUNG DUREN",40,"A. MANAJEMEN BENCANA DAN ADAPTASI PERUBAHAN IKLIM, KESIAPSIAGAAN GEMPA BUMI
B. PERTOLONGAN PERTAMA"
2025,2025-07-09,"KOTA ADM. JAKARTA BARAT",TAMBORA,ANGKE,"AULA KANTOR KELURAHAN ANGKE",40,"A. MANAJEMEN BENCANA DAN ADAPTASI PERUBAHAN IKLIM, KESIAPSIAGAAN GEMPA BUMI
B. PERTOLONGAN PERTAMA"
2025,2025-07-09,"KOTA ADM. JAKARTA BARAT",CENGKARENG,"RAWA BUAYA","KANTOR PCNU JAKARTA BARAT",40,"A. MANAJEMEN BENCANA DAN ADAPTASI PERUBAHAN IKLIM, KESIAPSIAGAAN GEMPA BUMI
B. PERTOLONGAN PERTAMA"
2025,2025-07-13,"KOTA ADM. JAKARTA BARAT",TAMBORA,"JEMBATAN LIMA","AULA KELURAHAN JEMBARAN LIMA",40,"A. MANAJEMEN BENCANA DAN ADAPTASI PERUBAHAN IKLIM, KESIAPSIAGAAN GEMPA BUMI
B. PERTOLONGAN PERTAMA"
2025,2025-07-28,"KOTA ADM. JAKARTA BARAT",CENGKARENG,"DURI KOSAMBI","AULA KANTOR KELURAHAN DURI KOSAMBI",40,"A. MANAJEMEN BENCANA DAN ADAPTASI PERUBAHAN IKLIM, KESIAPSIAGAAN GEMPA BUMI
B. PERTOLONGAN PERTAMA"
2025,2025-08-05,"KOTA ADM. JAKARTA BARAT",KALIDERES,PEGADUNGAN,"AULA KANTOR KELURAHAN PEGADUNGAN",40,"A. MANAJEMEN BENCANA DAN ADAPTASI PERUBAHAN IKLIM, KESIAPSIAGAAN GEMPA BUMI
B. PERTOLONGAN PERTAMA"
2025,2025-08-12,"KOTA ADM. JAKARTA BARAT","PAL MERAH",SLIPI,"AULA KANTOR KELURAHAN SLIPI",40,"A. MANAJEMEN BENCANA DAN ADAPTASI PERUBAHAN IKLIM, KESIAPSIAGAAN GEMPA BUMI
B. PERTOLONGAN PERTAMA"
2025,2025-02-05,"KOTA ADM. JAKARTA SELATAN","KEBAYORAN BARU",PULO,"GRAND WIJAYA CENTER, BLK. D/2, JL. WIJAYA II, PULO, KEBAYORAN BARU, JAKARTA SELATAN",50,"POTENSI MEGATHRUST 
TEKNIK EVAKUASI GEMPA BUMI
SIMULASI GEMPA BUMI"
2025,2025-02-12,"KOTA ADM. JAKARTA SELATAN","KEBAYORAN BARU",SENAYAN,"JALAN JEND. SUDIRMAN, KAV 71, JAKARTA SELATAN.",100,"POTENSI MEGATHRUST 
TEKNIK EVAKUASI GEMPA BUMI
SIMULASI GEMPA BUMI"
2025,2025-10-04,"KOTA ADM. JAKARTA SELATAN","KEBAYORAN BARU",PETOGOGAN,"JL. WIJAYA I NO.7 13, RT.6/RW.2, PETOGOGAN, KEC. KBY. BARU, KOTA JAKARTA SELATAN, DAERAH KHUSUS IBUKOTA JAKARTA 12170",30,"POTENSI MEGATHRUST 
TEKNIK EVAKUASI GEMPA BUMI
SIMULASI GEMPA BUMI"
2025,2025-10-08,"KOTA ADM. JAKARTA SELATAN",SETIABUDI,"KUNINGAN TIMUR","JL. MEGA KUNINGAN BARAT III, RW.3, KUNINGAN, EAST KUNINGAN, SETIABUDI, SOUTH JAKARTA CITY, JAKARTA",40,"POTENSI MEGATHRUST 
TEKNIK EVAKUASI GEMPA BUMI
SIMULASI GEMPA BUMI"
2025,2025-02-19,"KOTA ADM. JAKARTA SELATAN","KEBAYORAN LAMA","GROGOL UTARA","JL. KALIMAYA NO.27 5, RT.5/RW.9, GROGOL UTARA, KEC. KBY. LAMA, KOTA JAKARTA SELATAN",40,"POTENSI MEGATHRUST 
TEKNIK EVAKUASI GEMPA BUMI"
2025,2025-04-17,"KOTA ADM. JAKARTA SELATAN","MAMPANG PRAPATAN","KUNINGAN BARAT","JL. GATOT SUBROTO NO.KAV.52, RT.6/RW.1, KUNINGAN BAR., KEC. MAMPANG PRPT., KOTA JAKARTA SELATAN, DAERAH KHUSUS IBUKOTA JAKARTA 12710",40,"TEKNIK EVAKUASI GEMPA BUMI
SIMULASI GEMPA BUMI"
2025,2025-04-23,"KOTA ADM. JAKARTA SELATAN",SETIABUDI,"KUNINGAN TIMUR","JALAN DR. IDE ANAK AGUNG GDE AGUNG BLOK E4.2 NO. 1, MEGA KUNINGAN, KUNINGAN, SETIABUDI, JAKARTA.",40,"TEKNIK EVAKUASI GEMPA BUMI
SIMULASI GEMPA BUMI"
2025,2025-05-07,"KOTA ADM. JAKARTA SELATAN",SETIABUDI,"KARET KUNINGAN","JL. DENPASAR NO.18, RT.6/RW.7, KUNINGAN, KARET KUNINGAN, KECAMATAN SETIABUDI, KOTA JAKARTA SELATAN, DAERAH KHUSUS IBUKOTA JAKARTA 12940",100,"POTENSI MEGATHRUST 
TEKNIK EVAKUASI GEMPA BUMI"
2025,2025-05-15,"KOTA ADM. JAKARTA SELATAN","KEBAYORAN BARU",SENAYAN,"JL. SENOPATI NO.83, SENAYAN, KEC. KBY. BARU, KOTA JAKARTA SELATAN, DAERAH KHUSUS IBUKOTA JAKARTA 12190",100,"POTENSI MEGATHRUST 
TEKNIK EVAKUASI GEMPA BUMI"
2025,2025-06-05,"KOTA ADM. JAKARTA SELATAN",PANCORAN,PANCORAN,"JL K.H. GURU AMIN NO.17, PANCORAN, KEC. PANCORAN, KOTA JAKARTA SELATAN, DAERAH KHUSUS IBUKOTA JAKARTA 12780",50,"POTENSI MEGATHRUST 
TEKNIK EVAKUASI GEMPA BUMI
"
2025,2025-06-13,"KOTA ADM. JAKARTA SELATAN",CILANDAK,"CIPETE SELATAN","BANK BSI FATMAWATI, JL. RS. FATMAWATI RAYA NO.160 A-B, RT.4/RW.8, CIPETE SEL., KEC. CILANDAK, KOTA JAKARTA SELATAN, DAERAH KHUSUS IBUKOTA JAKARTA 12430",30,"POTENSI MEGATHRUST 
TEKNIK EVAKUASI GEMPA BUMI"
2025,2025-06-24,"KOTA ADM. JAKARTA SELATAN",SETIABUDI,"KARET SEMANGGI","JL. GATOT SUBROTO NO.LOT. 1, KARET SEMANGGI, KECAMATAN SETIABUDI, KOTA JAKARTA SELATAN, DAERAH KHUSUS IBUKOTA JAKARTA 12930",50,"POTENSI MEGATHRUST 
TEKNIK EVAKUASI GEMPA BUMI"
2025,2025-06-26,"KOTA ADM. JAKARTA SELATAN",CILANDAK,"CIPETE SELATAN","JALAN RS. FATMAWATI, CILANDAK BARAT, CILANDAK, RT.6/RW.5, CIPETE SEL., JAKARTA SELATAN, KOTA JAKARTA SELATAN, DAERAH KHUSUS IBUKOTA JAKARTA 12430",40,"POTENSI MEGATHRUST 
TEKNIK EVAKUASI GEMPA BUMI"
2025,2025-07-03,"KOTA ADM. JAKARTA SELATAN",CILANDAK,"LEBAK BULUS","JL. TOL TAHI BONAR SIMATUPANG NO.KAV 15, RT.4/RW.1, LB. BULUS, KEC. CILANDAK, KOTA JAKARTA SELATAN, DAERAH KHUSUS IBUKOTA JAKARTA 12440",200,"POTENSI MEGATHRUST 
TEKNIK EVAKUASI GEMPA BUMI
SIMULASI GEMPA BUMI"
2025,2025-07-09,"KOTA ADM. JAKARTA SELATAN",SETIABUDI,"KARET KUNINGAN","JL. DR. IDE ANAK AGUNG GDE AGUNG KAV. 5.5-5.6, CBD MEGA KUNINGAN, JAKARTA SELATAN 12950.",40,"POTENSI MEGATHRUST 
TEKNIK EVAKUASI GEMPA BUMI
SIMULASI GEMPA BUMI"
2025,2025-07-19,"KOTA ADM. JAKARTA SELATAN",JAGAKARSA,"TANJUNG BARAT","JL. TB SIMATUPANG NO.1, RT.10/RW.4, TJ. BAR., KEC. JAGAKARSA, KOTA JAKARTA SELATAN, DAERAH KHUSUS IBUKOTA JAKARTA 12530",40,"POTENSI MEGATHRUST 
TEKNIK EVAKUASI GEMPA BUMI
SIMULASI GEMPA BUMI"
2025,2025-07-26,"KOTA ADM. JAKARTA SELATAN",SETIABUDI,"KARET SEMANGGI","JL. JENDERAL SUDIRMAN NO.45 - 46, RT.3/RW.4, KARET SEMANGGI, KECAMATAN SETIABUDI, KOTA JAKARTA SELATAN, DAERAH KHUSUS IBUKOTA JAKARTA 12930",30,"BANTUAN HIDUP DASAR
PENANGANAN PADA LUKA DAN PATAH TULANG"
2025,2025-08-26,"KOTA ADM. JAKARTA SELATAN","MAMPANG PRAPATAN","PELA MAMPANG","JALAN LILIANA BLOK C24-25, RT.10/RW.11, PELA MAMPANG, KEC. MAMPANG PRPT., DAERAH KHUSUS IBUKOTA JAKARTA 12720",30,"POTENSI MEGATHRUST 
TEKNIK EVAKUASI GEMPA BUMI
SIMULASI GEMPA BUMI"
2025,2025-09-10,"KOTA ADM. JAKARTA SELATAN","KEBAYORAN LAMA","PONDOK PINANG","BLK. A, JL. METRO PONDOK INDAH SEKTOR 2, PD. PINANG, KEC. KEBAYORAN LAMA, KOTA JAKARTA SELATAN, DAERAH KHUSUS IBUKOTA JAKARTA 12310",30,"POTENSI MEGATHRUST 
TEKNIK EVAKUASI GEMPA BUMI
SIMULASI GEMPA BUMI"
2025,2025-09-12,"KOTA ADM. JAKARTA SELATAN","KEBAYORAN BARU",SENAYAN," SUDIRMAN CENTRAL BUSINESS DISTRICT 8, JL. JENDERAL SUDIRMAN LOT 28, JAKARTA, DAERAH KHUSUS IBUKOTA JAKARTA 12190",30," POTENSI MEGATHRUST 
TEKNIK EVAKUASI GEMPA BUMI
SIMULASI GEMPA BUMI"
2025,2025-09-18,"KOTA ADM. JAKARTA SELATAN",SETIABUDI,KARET,"MILLENNIUM CENTENNIAL CENTER LANTAI 53, 56-61, JL. JENDERAL SUDIRMAN KAV. 25, JAKARTA 12920, ",100,"POTENSI MEGATHRUST 
TEKNIK EVAKUASI GEMPA BUMI
SIMULASI GEMPA BUMI"
2025,2025-10-22,"KOTA ADM. JAKARTA SELATAN","KEBAYORAN BARU",PETOGOGAN,"JL. PRAPANCA RAYA NO.9, RT.1/RW.1, PETOGOGAN, KEC. KBY. BARU, KOTA JAKARTA SELATAN, DAERAH KHUSUS IBUKOTA JAKARTA 12170",45,"MANAJEMEN BENCANA,KESIAPSIAGAAN GEMPABUMI, MITIGASI DAN ADAPTASI PERUBAHAN IKLIM, DAN PERTOLONGAN PERTAMA"
2025,2025-10-23,"KOTA ADM. JAKARTA SELATAN",PANCORAN,PENGADEGAN,"JL. PENGADEGAN TIMUR I, RT.7/RW.1, PENGADEGAN, KEC. PANCORAN, KOTA JAKARTA SELATAN, DAERAH KHUSUS IBUKOTA JAKARTA 12770",45,"MANAJEMEN BENCANA,KESIAPSIAGAAN GEMPABUMI, MITIGASI DAN ADAPTASI PERUBAHAN IKLIM, DAN PERTOLONGAN PERTAMA"
2025,2025-11-11,"KOTA ADM. JAKARTA SELATAN",JAGAKARSA,"TANJUNG BARAT","JL. TB SIMATUPANG NO.1, RT.10/RW.4, TJ. BAR., KEC. JAGAKARSA, KOTA JAKARTA SELATAN, DAERAH KHUSUS IBUKOTA JAKARTA 12530",40,"TEKNIK EVAKUASI GEMPA BUMI"
2025,2025-11-19,"KOTA ADM. JAKARTA SELATAN",PESANGGRAHAN,BINTARO,"JL. RC. VETERAN NO.4, BINTARO, JAKARTA 12330, INDONESIA, ",30,"POTENSI MEGATHRUST 
TEKNIK EVAKUASI GEMPA BUMI
SIMULASI GEMPA BUMI"
2025,2025-12-06,"KOTA ADM. JAKARTA SELATAN",TEBET,"BUKIT DURI","JL. KH ABDULLAH SYAFEI NO.50 BLOK A-C, RT.12/RW.9, BUKIT DURI, KEC. TEBET, KOTA JAKARTA SELATAN, DAERAH KHUSUS IBUKOTA JAKARTA 12780",100,"POTENSI MEGATHRUST 
TEKNIK EVAKUASI GEMPA BUMI
SIMULASI GEMPA BUMI"
2025,2025-12-09,"KOTA ADM. JAKARTA SELATAN","MAMPANG PRAPATAN","PELA MAMPANG","JL. GATOT SUBROTO NO.50 51, RT.2/RW.2, WEST KUNINGAN, MAMPANG PRAPATAN, SOUTH JAKARTA CITY, JAKARTA 12710",50,"POTENSI MEGATHRUST 
TEKNIK EVAKUASI GEMPA BUMI
 SIMULASI GEMPA BUMI
BANTUAN HIDUP DASAR "
2025,2025-12-17,"KOTA ADM. JAKARTA SELATAN",SETIABUDI,"KARET KUNINGAN"," KOMPLEK RASUNA EPICENTRUM, JL. EPICENTRUM UTAMA RAYA NO. 2, KARET KUNINGAN, SETIABUDI, JAKARTA SELATAN 12940",40," TEKNIK EVAKUASI GEMPA BUMI
SIMULASI GEMPA BUMI"
2025,2025-07-10,"KOTA ADM. JAKARTA SELATAN",SETIABUDI,KARET,"KANTOR KELURAHAN KARET",40,"A. MANAJEMEN BENCANA DAN ADAPTASI PERUBAHAN IKLIM, KESIAPSIAGAAN GEMPA BUMI
B. PERTOLONGAN PERTAMA"
2025,2025-07-10,"KOTA ADM. JAKARTA SELATAN",PANCORAN,"DUREN TIGA","AULA KANTOR KELURAHAN",40,"A. MANAJEMEN BENCANA DAN ADAPTASI PERUBAHAN IKLIM, KESIAPSIAGAAN GEMPA BUMI
B. PERTOLONGAN PERTAMA"
2025,2025-07-14,"KOTA ADM. JAKARTA SELATAN",PESANGGRAHAN,ULUJAMI,"RPTRA NUSANTARA",40,"A. MANAJEMEN BENCANA DAN ADAPTASI PERUBAHAN IKLIM, KESIAPSIAGAAN GEMPA BUMI
B. PERTOLONGAN PERTAMA"
2025,2025-07-15,"KOTA ADM. JAKARTA SELATAN",TEBET,"TEBET TIMUR","AULA KANTOR KELURAHAN TEBET TIMUR",40,"A. MANAJEMEN BENCANA DAN ADAPTASI PERUBAHAN IKLIM, KESIAPSIAGAAN GEMPA BUMI
B. PERTOLONGAN PERTAMA"
2025,2025-07-16,"KOTA ADM. JAKARTA SELATAN","KEBAYORAN LAMA","PONDOK PINANG","RPTRA PINANG INDAH",40,"A. MANAJEMEN BENCANA DAN ADAPTASI PERUBAHAN IKLIM, KESIAPSIAGAAN GEMPA BUMI
B. PERTOLONGAN PERTAMA"
2025,2025-07-17,"KOTA ADM. JAKARTA SELATAN",TEBET,"KEBON BARU","PESANTREN TAHFIDZ ASYARI QURANIC CENTRE",40,"A. MANAJEMEN BENCANA DAN ADAPTASI PERUBAHAN IKLIM, KESIAPSIAGAAN GEMPA BUMI
B. PERTOLONGAN PERTAMA"
2025,2025-07-24,"KOTA ADM. JAKARTA SELATAN",PANCORAN,KALIBATA,"SEKRETARIAT GP ANSHOR JAKSEL",40,"A. MANAJEMEN BENCANA DAN ADAPTASI PERUBAHAN IKLIM, KESIAPSIAGAAN GEMPA BUMI
B. PERTOLONGAN PERTAMA"
2025,2025-07-24,"KOTA ADM. JAKARTA SELATAN","KEBAYORAN BARU",PETOGOGAN,"AULA KELURAHAN PETOGOGAN",40,"A. MANAJEMEN BENCANA DAN ADAPTASI PERUBAHAN IKLIM, KESIAPSIAGAAN GEMPA BUMI
B. PERTOLONGAN PERTAMA"
2025,2025-07-28,"KOTA ADM. JAKARTA SELATAN",TEBET,"MENTENG DALAM","AULA KANTOR KELURAHAN MENTENG DALAM",40,"A. MANAJEMEN BENCANA DAN ADAPTASI PERUBAHAN IKLIM, KESIAPSIAGAAN GEMPA BUMI
B. PERTOLONGAN PERTAMA"
2025,2025-07-29,"KOTA ADM. JAKARTA SELATAN",TEBET,"TEBET TIMUR","GEDUNG DAKWAH AISYIYAH DKI JKT (TEBET TIMUR)",40,"A. MANAJEMEN BENCANA DAN ADAPTASI PERUBAHAN IKLIM, KESIAPSIAGAAN GEMPA BUMI
B. PERTOLONGAN PERTAMA"
2025,2025-08-06,"KOTA ADM. JAKARTA SELATAN",CILANDAK,"LEBAK BULUS","KANTOR KELURAHAN LEBAK BULUS",40,"A. MANAJEMEN BENCANA DAN ADAPTASI PERUBAHAN IKLIM, KESIAPSIAGAAN GEMPA BUMI
B. PERTOLONGAN PERTAMA"
2025,2025-08-07,"KOTA ADM. JAKARTA SELATAN",PANCORAN,CIKOKO,"KANTOR KELURAHAN CIKOKO",40,"A. MANAJEMEN BENCANA DAN ADAPTASI PERUBAHAN IKLIM, KESIAPSIAGAAN GEMPA BUMI
B. PERTOLONGAN PERTAMA"
2025,2025-08-14,"KOTA ADM. JAKARTA SELATAN","PASAR MINGGU","PEJATEN TIMUR","KANTOR KELURAHAN PEJATEN TIMUR",40,"A. MANAJEMEN BENCANA DAN ADAPTASI PERUBAHAN IKLIM, KESIAPSIAGAAN GEMPA BUMI
B. PERTOLONGAN PERTAMA"
2025,2025-10-04,"KOTA ADM. JAKARTA TIMUR",CIRACAS,RAMBUTAN,"JL. RAYA JAKARTA-BOGOR NO.KM.22 NO.44, RT.8/RW.2, RAMBUTAN, KEC. CIRACAS, KOTA JAKARTA TIMUR, DAERAH KHUSUS IBUKOTA JAKARTA 13830",100,"POTENSI MEGATHRUST 
TEKNIK EVAKUASI GEMPA BUMI
SIMULASI GEMPA BUMI"
2025,2025-09-30,"KOTA ADM. JAKARTA TIMUR",MATRAMAN,"PISANGAN BARU","PETA PUSKESMAS MATRAMANJL. PISANGAN BARU TIMUR NO.2A, RT.4/RW.9, PISANGAN BARU, KEC. MATRAMAN, KOTA JAKARTA TIMUR, DAERAH KHUSUS IBUKOTA JAKARTA 13110",45,"POTENSI MEGATHRUST 
TEKNIK EVAKUASI GEMPA BUMI
SIMULASI GEMPA BUMI"
2025,2025-10-13,"KOTA ADM. JAKARTA TIMUR",CAKUNG,"CAKUNG TIMUR","RUKO THE WALK NO.26 JAKARTA GARDEN CITY, CAKUNG TIMUR, JAKARTA TIMUR 13910",8,"POTENSI MEGATHRUST 
TEKNIK EVAKUASI GEMPA BUMI
SIMULASI GEMPA BUMI"
2025,2025-10-07,"KOTA ADM. JAKARTA TIMUR",CAKUNG,"CAKUNG TIMUR","RUKO THE WALK NO.26 JAKARTA GARDEN CITY, CAKUNG TIMUR, KEC. CAKUNG  JAKARTA TIMUR 13910 EMAIL: DENTAL.THEORY@GMAIL.COM  TELP.0895337330657",8,"POTENSI MEGATHRUST 
TEKNIK EVAKUASI GEMPA BUMI
SIMULASI GEMPA BUMI"
2025,2025-10-07,"KOTA ADM. JAKARTA TIMUR",CAKUNG,"CAKUNG TIMUR","RUKO THE WALK, JL. JKT GARDEN CITY BOULEVARD NO.26, CAKUNG TIM., KEC. CAKUNG, KOTA JAKARTA TIMUR, DAERAH KHUSUS IBUKOTA JAKARTA 13910",10,"POTENSI MEGATHRUST 
TEKNIK EVAKUASI GEMPA BUMI
SIMULASI GEMPA BUMI"
2025,2025-10-09,"KOTA ADM. JAKARTA TIMUR",MATRAMAN,"PISANGAN BARU","JL. PISANGAN BARU TIMUR NO.2A, RT.4/RW.9, PISANGAN BARU, KEC. MATRAMAN, KOTA JAKARTA TIMUR, DAERAH KHUSUS IBUKOTA JAKARTA 13110",30,"POTENSI MEGATHRUST 
TEKNIK EVAKUASI GEMPA BUMI
SIMULASI GEMPA BUMI"
2025,2025-02-25,"KOTA ADM. JAKARTA TIMUR",KRAMATJATI,CILILITAN,"JL. MAYJEN SUTOYO NO.1, RT.7/RW.9, CILILITAN, KEC. KRAMAT JATI, KOTA JAKARTA TIMUR",40,"TEKNIK EVAKUASI GEMPA BUMI
SIMULASI GEMPA BUMI"
2025,2025-05-08,"KOTA ADM. JAKARTA TIMUR",KRAMATJATI,CAWANG,"JL. DEWI SARTIKA III NO.200, RT.1/RW.3, CAWANG, KEC. KRAMAT JATI, KOTA JAKARTA TIMUR, DAERAH KHUSUS IBUKOTA JAKARTA 13630",100,"POTENSI MEGATHRUST 
TEKNIK EVAKUASI GEMPA BUMI"
2025,2025-07-24,"KOTA ADM. JAKARTA TIMUR","DUREN SAWIT","PONDOK BAMBU","JL. DUREN SAWIT BARU NO.02, PD. BAMBU, KEC. DUREN SAWIT, KOTA JAKARTA TIMUR, DAERAH KHUSUS IBUKOTA JAKARTA 13440",40,"POTENSI MEGATHRUST 
TEKNIK EVAKUASI GEMPA BUMI
SIMULASI GEMPA BUMI"
2025,2025-10-15,"KOTA ADM. JAKARTA TIMUR",JATINEGARA,"CIPINANG BESAR UTARA","JL. CIPINANG PULO NO.11, RT.12/RW.12, CIPINANG BESAR UTARA, KECAMATAN JATINEGARA, KOTA JAKARTA TIMUR, DAERAH KHUSUS IBUKOTA JAKARTA 13410",45,"MANAJEMEN BENCANA,KESIAPSIAGAAN GEMPABUMI, MITIGASI DAN ADAPTASI PERUBAHAN IKLIM, DAN PERTOLONGAN PERTAMA"
2025,2025-10-15,"KOTA ADM. JAKARTA TIMUR",CAKUNG,"CAKUNG BARAT","JL. BEKASI TIMUR RAYA NO.22, RT.10/RW.1, CAKUNG BAR., KEC. CAKUNG, KOTA JAKARTA TIMUR, DAERAH KHUSUS IBUKOTA JAKARTA 13910",45,"MANAJEMEN BENCANA,KESIAPSIAGAAN GEMPABUMI, MITIGASI DAN ADAPTASI PERUBAHAN IKLIM, DAN PERTOLONGAN PERTAMA"
2025,2025-10-16,"KOTA ADM. JAKARTA TIMUR",CAKUNG,"CAKUNG BARAT","RT.2/RW.8, CAKUNG BAR., KEC. CAKUNG, KOTA JAKARTA TIMUR, DAERAH KHUSUS IBUKOTA JAKARTA 13910",45,"MANAJEMEN BENCANA,KESIAPSIAGAAN GEMPABUMI, MITIGASI DAN ADAPTASI PERUBAHAN IKLIM, DAN PERTOLONGAN PERTAMA"
2025,2025-09-24,"KOTA ADM. JAKARTA TIMUR",JATINEGARA,"CIPINANG MUARA","JL. BEKASI TIM. RAYA NO.170, RT.8/RW.14, CIPINANG MUARA, KECAMATAN JATINEGARA, KOTA JAKARTA TIMUR, DAERAH KHUSUS IBUKOTA JAKARTA 13420",50,"POTENSI MEGATHRUST 
TEKNIK EVAKUASI GEMPA BUMI
SIMULASI GEMPA BUMI"
2025,2025-10-16,"KOTA ADM. JAKARTA TIMUR",CAKUNG,JATINEGARA,"KAVLING DPRD, JL. PULO JAHE NO.RT. 05/05, RT.5/RW.5, JATINEGARA, KEC. CAKUNG, KOTA JAKARTA TIMUR, DAERAH KHUSUS IBUKOTA JAKARTA 13930",45,"MANAJEMEN BENCANA,KESIAPSIAGAAN GEMPABUMI, MITIGASI DAN ADAPTASI PERUBAHAN IKLIM, DAN PERTOLONGAN PERTAMA"
2025,2025-10-20,"KOTA ADM. JAKARTA TIMUR",CAKUNG,PENGGILINGAN,"RUSUN PINUS ELOK, PENGGILINGAN, KEC. CAKUNG, KOTA JAKARTA TIMUR, DAERAH KHUSUS IBUKOTA JAKARTA 13940",45,"MANAJEMEN BENCANA,KESIAPSIAGAAN GEMPABUMI, MITIGASI DAN ADAPTASI PERUBAHAN IKLIM, DAN PERTOLONGAN PERTAMA"
2025,2025-10-21,"KOTA ADM. JAKARTA TIMUR",PULOGADUNG,"JATINEGARA KAUM","RT.5/RW.2, JATINEGARA KAUM, KEC. PULO GADUNG, KOTA JAKARTA TIMUR, DAERAH KHUSUS IBUKOTA JAKARTA 13250",45,"MANAJEMEN BENCANA,KESIAPSIAGAAN GEMPABUMI, MITIGASI DAN ADAPTASI PERUBAHAN IKLIM, DAN PERTOLONGAN PERTAMA"
2025,2025-10-27,"KOTA ADM. JAKARTA TIMUR",CAKUNG,PENGGILINGAN,"JL. PIK PENGGILINGAN, RT.2/RW.10, PENGGILINGAN, KEC. CAKUNG, KOTA JAKARTA TIMUR, DAERAH KHUSUS IBUKOTA JAKARTA 13940",45,"MANAJEMEN BENCANA,KESIAPSIAGAAN GEMPABUMI, MITIGASI DAN ADAPTASI PERUBAHAN IKLIM, DAN PERTOLONGAN PERTAMA"
2025,2025-10-28,"KOTA ADM. JAKARTA TIMUR","DUREN SAWIT","PONDOK BAMBU","RUSUNAWA, RT.18/RW.7, PD. BAMBU, KEC. DUREN SAWIT, KOTA JAKARTA TIMUR, DAERAH KHUSUS IBUKOTA JAKARTA 13430",45,"MANAJEMEN BENCANA,KESIAPSIAGAAN GEMPABUMI, MITIGASI DAN ADAPTASI PERUBAHAN IKLIM, DAN PERTOLONGAN PERTAMA"
2025,2025-10-29,"KOTA ADM. JAKARTA TIMUR",CAKUNG,JATINEGARA,"JL. PULOBUARAN RAYA, JATINEGARA, KEC. CAKUNG, KOTA JAKARTA TIMUR, DAERAH KHUSUS IBUKOTA JAKARTA 13920",45,"MANAJEMEN BENCANA,KESIAPSIAGAAN GEMPABUMI, MITIGASI DAN ADAPTASI PERUBAHAN IKLIM, DAN PERTOLONGAN PERTAMA"
2025,2025-11-24,"KOTA ADM. JAKARTA TIMUR",KRAMATJATI,CAWANG,"JL. LETJEN M.T. HARYONO NO.KAV.11, CAWANG, KEC. KRAMAT JATI, KOTA JAKARTA TIMUR, DAERAH KHUSUS IBUKOTA JAKARTA 13630",50,"POTENSI MEGATHRUST 
TEKNIK EVAKUASI GEMPA BUMI
SIMULASI GEMPA BUMI"
2025,2025-12-12,"KOTA ADM. JAKARTA TIMUR","DUREN SAWIT","DUREN SAWIT","JL. H. DOGOL NO.15A, RT.7/RW.16, DUREN SAWIT, KEC. DUREN SAWIT, KOTA JAKARTA TIMUR, DAERAH KHUSUS IBUKOTA JAKARTA 13420",30,"POTENSI MEGATHRUST 
TEKNIK EVAKUASI GEMPA BUMI
SIMULASI GEMPA BUMI"
2025,2025-07-01,"KOTA ADM. JAKARTA TIMUR",CAKUNG,"CAKUNG BARAT","KANTOR KECAMATAN CAKUNG",40,"A. MANAJEMEN BENCANA DAN ADAPTASI PERUBAHAN IKLIM, KESIAPSIAGAAN GEMPA BUMI
B. PERTOLONGAN PERTAMA"
2025,2025-07-14,"KOTA ADM. JAKARTA TIMUR",MATRAMAN,"KEBON MANGGIS","GEDUNG SERBAGUNA KELURAHAN KEBON MANGGIS",40,"A. MANAJEMEN BENCANA DAN ADAPTASI PERUBAHAN IKLIM, KESIAPSIAGAAN GEMPA BUMI
B. PERTOLONGAN PERTAMA"
2025,2025-07-15,"KOTA ADM. JAKARTA TIMUR",MAKASAR,"CIPINANG MELAYU","KANTOR RW",40,"A. MANAJEMEN BENCANA DAN ADAPTASI PERUBAHAN IKLIM, KESIAPSIAGAAN GEMPA BUMI
B. PERTOLONGAN PERTAMA"
2025,2025-07-16,"KOTA ADM. JAKARTA TIMUR","DUREN SAWIT","MALAKA JAYA","GEDUNG PKG DUREN SAWIT",40,"A. MANAJEMEN BENCANA DAN ADAPTASI PERUBAHAN IKLIM, KESIAPSIAGAAN GEMPA BUMI
B. PERTOLONGAN PERTAMA"
2025,2025-07-17,"KOTA ADM. JAKARTA TIMUR",CIPAYUNG,SETU,"BALAI WARGA  RW 004",40,"A. MANAJEMEN BENCANA DAN ADAPTASI PERUBAHAN IKLIM, KESIAPSIAGAAN GEMPA BUMI
B. PERTOLONGAN PERTAMA"
2025,2025-07-19,"KOTA ADM. JAKARTA TIMUR",MATRAMAN,"KAYU MANIS","KANTOR KELURAHAN KAYU MANIS",40,"A. MANAJEMEN BENCANA DAN ADAPTASI PERUBAHAN IKLIM, KESIAPSIAGAAN GEMPA BUMI
B. PERTOLONGAN PERTAMA"
2025,2025-07-22,"KOTA ADM. JAKARTA TIMUR","DUREN SAWIT","PONDOK BAMBU","PCNU JAKARTA TIMUR",40,"A. MANAJEMEN BENCANA DAN ADAPTASI PERUBAHAN IKLIM, KESIAPSIAGAAN GEMPA BUMI
B. PERTOLONGAN PERTAMA"
2025,2025-08-04,"KOTA ADM. JAKARTA TIMUR",CIRACAS,CIRACAS,"AULA KANTOR KELURAHAN CIRACAS",40,"A. MANAJEMEN BENCANA DAN ADAPTASI PERUBAHAN IKLIM, KESIAPSIAGAAN GEMPA BUMI
B. PERTOLONGAN PERTAMA"
2025,2025-08-07,"KOTA ADM. JAKARTA TIMUR",MATRAMAN,"KAYU MANIS","PERGURUAN TINGGI MUHAMMADIYAH MATRAMAN",40,"A. MANAJEMEN BENCANA DAN ADAPTASI PERUBAHAN IKLIM, KESIAPSIAGAAN GEMPA BUMI
B. PERTOLONGAN PERTAMA"
2025,2025-08-11,"KOTA ADM. JAKARTA TIMUR",MAKASAR,PINANGRANTI,"AULA KANTOR KELURAHAN PINANG RANTI",40,"A. MANAJEMEN BENCANA DAN ADAPTASI PERUBAHAN IKLIM, KESIAPSIAGAAN GEMPA BUMI
B. PERTOLONGAN PERTAMA"
