periode_data,triwulan,bulan,wilayah,kecamatan,kelurahan,jumlah_rata_rata_ketinggian_air,jumlah_rw_terdampak,jumlah_kk_terdampak,jumlah_jiwa_terdampak,jumlah_kejadian,jumlah_korban_meninggal,jumlah_korban_luka,jumlah_pengungsi,jumlah_tempat_pengungsian
202503,1,1,"kota adm. jakarta barat",cengkareng,"cengkareng barat","30 s.d 80 cm",3,0,0,1,0,0,224,2
202503,1,1,"kota adm. jakarta barat",cengkareng,"cengkareng timur","30 s.d 70 cm",2,250,500,2,0,0,566,2
202503,1,1,"kota adm. jakarta barat","kebon jeruk","duri kepa","30 s.d 60 cm",2,0,0,1,0,0,0,0
202503,1,1,"kota adm. jakarta barat",cengkareng,"duri kosambi","30 s.d 100 cm",2,0,0,1,0,0,370,3
202503,1,1,"kota adm. jakarta barat","grogol petamburan","jelambar baru","30 s.d 50 cm",2,0,0,1,0,0,0,0
202503,1,1,"kota adm. jakarta barat",kembangan,joglo,"30 cm",1,0,0,2,0,0,0,0
202503,1,1,"kota adm. jakarta barat","kali deres",kalideres,"35 s.d 40 cm",1,0,0,1,0,0,0,0
202503,1,1,"kota adm. jakarta barat",cengkareng,kapuk,"20 s.d 40 cm",3,0,0,1,0,0,0,0
202503,1,1,"kota adm. jakarta barat",cengkareng,"kedaung kali angke","20 s.d 70 cm",3,0,0,2,0,0,37,1
202503,1,1,"kota adm. jakarta barat","kebon jeruk","kedoya selatan","20 cm",1,0,0,1,0,0,0,0
202503,1,1,"kota adm. jakarta barat",kembangan,"kembangan utara","30 cm",1,0,0,1,0,0,0,0
202503,1,1,"kota adm. jakarta barat","kali deres",pegadungan,"30 s.d 150 cm",1,0,0,1,0,0,500,1
202503,1,1,"kota adm. jakarta barat",cengkareng,"rawa buaya","40 s.d 70 cm",3,0,0,1,0,0,112,2
202503,1,1,"kota adm. jakarta barat","kebon jeruk","sukabumi selatan","30 s.d 120 cm",1,0,0,2,0,0,0,0
202503,1,1,"kota adm. jakarta barat","grogol petamburan","tanjung duren utara","30 cm",1,0,0,1,0,0,0,0
202503,1,1,"kota adm. jakarta barat","kali deres","tegal alur","30 s.d 100 cm",3,0,0,2,0,0,1901,21
202503,1,1,"kota adm. jakarta pusat",kemayoran,"kebon kosong","40 cm",1,0,0,1,0,0,0,0
202503,1,1,"kota adm. jakarta selatan",cilandak,"cilandak barat","35 cm",1,0,0,1,0,0,0,0
202503,1,1,"kota adm. jakarta selatan","pasar minggu","cilandak timur","10 s.d 50 cm",1,0,0,1,0,0,0,0
202503,1,1,"kota adm. jakarta selatan","pasar minggu","pejaten timur","30 s.d 85 cm",3,0,0,2,0,0,0,0
202503,1,1,"kota adm. jakarta selatan","mampang prapatan","pela mampang","30 s.d 40 cm",1,0,0,2,0,0,0,0
202503,1,1,"kota adm. jakarta timur",jatinegara,"bidara cina","30 s.d 110 cm",3,0,0,2,0,0,0,0
202503,1,1,"kota adm. jakarta timur",cakung,"cakung barat","30 s.d 60 cm",1,0,0,1,0,0,169,1
202503,1,1,"kota adm. jakarta timur",cakung,"cakung timur","40 s.d 60 cm",1,0,0,1,0,0,0,0
202503,1,1,"kota adm. jakarta timur","kramat jati",cawang,"30 s.d 160 cm",3,50,200,2,0,0,0,0
202503,1,1,"kota adm. jakarta timur","kramat jati",cililitan,"30 s.d 90 cm",2,14,55,2,0,0,0,0
202503,1,1,"kota adm. jakarta timur",jatinegara,"kampung melayu","30 s.d 120 cm",2,81,280,2,0,0,0,0
202503,1,1,"kota adm. jakarta timur",cakung,"rawa terate","30 s.d 40 cm",1,0,0,2,0,0,0,0
202503,1,1,"kota adm. jakarta utara",cilincing,marunda,"10 s.d 20 cm",1,0,0,4,0,0,0,0
202503,1,1,"kota adm. jakarta utara",penjaringan,pluit,"10 s.d 75 cm",1,0,0,17,0,0,0,0
202503,1,1,"kota adm. jakarta utara",cilincing,rorotan,"25 s.d 100 cm",1,0,0,2,0,0,500,1
202503,1,1,"kota adm. jakarta utara",cilincing,"semper barat","30 s.d 55 cm",2,0,0,1,0,0,1485,12
202503,1,1,"kota adm. jakarta utara",cilincing,sukapura,"30 s.d 40 cm",1,0,0,1,0,0,0,0
202503,1,2,"kota adm. jakarta barat",cengkareng,"cengkareng barat","30 s.d 50 cm",1,0,0,1,0,0,81,2
202503,1,2,"kota adm. jakarta barat",cengkareng,"cengkareng timur","50 s.d 60 cm",2,0,0,2,0,0,71,2
202503,1,2,"kota adm. jakarta barat","grogol petamburan",jelambar,"30 cm",1,0,0,1,0,0,0,0
202503,1,2,"kota adm. jakarta barat",cengkareng,kapuk,"30 cm",1,0,0,1,0,0,0,0
202503,1,2,"kota adm. jakarta barat",cengkareng,"kedaung kali angke","30 s.d 60 cm",2,0,0,1,0,0,0,0
202503,1,2,"kota adm. jakarta barat","kali deres",pegadungan,"40 s.d 100 cm",1,0,0,1,0,0,40,1
202503,1,2,"kota adm. jakarta barat",cengkareng,"rawa buaya","30 cm",1,0,0,1,0,0,0,0
202503,1,2,"kota adm. jakarta barat","kali deres","tegal alur","30 s.d 60 cm",4,0,0,1,0,0,118,4
202503,1,2,"kota adm. jakarta selatan","pasar minggu","cilandak timur","30 s.d 130 cm",2,10,21,1,0,0,0,0
202503,1,2,"kota adm. jakarta selatan","kebayoran baru","cipete utara","50 s.d 100 cm",1,0,0,1,0,0,0,0
202503,1,2,"kota adm. jakarta selatan","pasar minggu","pejaten timur","40 s.d 45 cm",3,0,0,1,0,0,0,0
202503,1,2,"kota adm. jakarta selatan","mampang prapatan","pela mampang","30 s.d 40 cm",1,0,0,1,0,0,0,0
202503,1,2,"kota adm. jakarta selatan","kebayoran baru",petogogan,"30 cm",3,0,0,1,0,0,0,0
202503,1,2,"kota adm. jakarta selatan","mampang prapatan","tegal parang","30 cm",1,0,0,1,0,0,0,0
202503,1,2,"kota adm. jakarta utara",penjaringan,pluit,"10 s.d 15 cm",1,0,0,2,0,0,0,0
202503,1,3,"kota adm. jakarta barat",cengkareng,"cengkareng timur","30 cm",1,0,0,1,0,0,0,0
202503,1,3,"kota adm. jakarta barat",cengkareng,"duri kosambi","40 s.d 60 cm",1,0,0,1,0,0,0,0
202503,1,3,"kota adm. jakarta barat","kebon jeruk","kebon jeruk","40 s.d 100 cm",2,0,0,1,0,0,0,0
202503,1,3,"kota adm. jakarta barat",cengkareng,"kedaung kali angke","30 s.d 40 cm",1,0,0,1,0,0,37,1
202503,1,3,"kota adm. jakarta barat","kebon jeruk","kedoya selatan","30 s.d 100 cm",1,0,0,2,0,0,174,2
202503,1,3,"kota adm. jakarta barat",kembangan,"kembangan selatan","30 s.d 70 cm",1,0,0,1,0,0,52,1
202503,1,3,"kota adm. jakarta barat",kembangan,"kembangan utara","30 s.d 80 cm",1,0,0,2,0,0,15,1
202503,1,3,"kota adm. jakarta barat",cengkareng,"rawa buaya","30 s.d 150 cm",3,0,0,2,0,0,15,1
202503,1,3,"kota adm. jakarta pusat","tanah abang",petamburan,"40 cm",2,0,0,1,0,0,0,0
202503,1,3,"kota adm. jakarta selatan","mampang prapatan",bangka,"00 s.d 300 cm",1,0,0,1,0,0,0,0
202503,1,3,"kota adm. jakarta selatan",pesanggrahan,bintaro,"20 s.d 300 cm",2,355,725,1,0,0,120,2
202503,1,3,"kota adm. jakarta selatan",pancoran,cikoko,"30 s.d 100 cm",1,30,130,1,0,0,120,1
202503,1,3,"kota adm. jakarta selatan","pasar minggu","cilandak timur","38 s.d 130 cm",2,18,76,2,0,0,112,4
202503,1,3,"kota adm. jakarta selatan","kebayoran lama",cipulir,"60 s.d 200 cm",1,59,169,2,0,0,0,0
202503,1,3,"kota adm. jakarta selatan","kebayoran lama","grogol selatan","40 cm",1,0,0,1,0,0,0,0
202503,1,3,"kota adm. jakarta selatan",tebet,"kebon baru","60 s.d 200 cm",1,246,847,1,130,0,0,0
202503,1,3,"kota adm. jakarta selatan",cilandak,"lebak bulus","30 s.d 60 cm",1,40,200,2,0,0,140,2
202503,1,3,"kota adm. jakarta selatan",jagakarsa,"lenteng agung","30 s.d 100 cm",2,62,230,2,0,0,230,1
202503,1,3,"kota adm. jakarta selatan",tebet,manggarai,"30 s.d 125 cm",3,0,0,1,0,0,0,0
202503,1,3,"kota adm. jakarta selatan","pasar minggu","pejaten timur","30 s.d 370 cm",4,71,158,3,0,0,750,2
202503,1,3,"kota adm. jakarta selatan","mampang prapatan","pela mampang","30 cm",1,0,0,1,0,0,0,0
202503,1,3,"kota adm. jakarta selatan",pancoran,pengadegan,"80 s.d 310 cm",1,0,0,1,0,0,875,6
202503,1,3,"kota adm. jakarta selatan",pesanggrahan,pesanggrahan,"55 s.d 80 cm",1,92,338,1,0,0,0,0
202503,1,3,"kota adm. jakarta selatan",cilandak,"pondok labu","60 s.d 180 cm",5,0,0,1,0,0,0,0
202503,1,3,"kota adm. jakarta selatan","kebayoran lama","pondok pinang","40 s.d 140 cm",2,0,0,1,0,0,0,0
202503,1,3,"kota adm. jakarta selatan",pancoran,"rawa jati","30 s.d 352 cm",2,0,0,2,0,0,961,3
202503,1,3,"kota adm. jakarta selatan",jagakarsa,"srengseng sawah","30 s.d 70 cm",2,17,63,2,0,0,0,0
202503,1,3,"kota adm. jakarta selatan",jagakarsa,"tanjung barat","40 s.d 300 cm",2,0,0,1,0,0,0,0
202503,1,3,"kota adm. jakarta selatan","mampang prapatan","tegal parang","30 cm",1,0,0,1,0,0,0,0
202503,1,3,"kota adm. jakarta selatan",pesanggrahan,ulujami,"30 s.d 60 cm",1,0,0,1,0,0,0,0
202503,1,3,"kota adm. jakarta timur","kramat jati","bale kambang","30 s.d 260 cm",1,171,601,3,0,0,0,0
202503,1,3,"kota adm. jakarta timur",jatinegara,"bali mester","40 s.d 60 cm",1,0,0,1,0,0,0,0
202503,1,3,"kota adm. jakarta timur",jatinegara,"bidara cina","30 s.d 420 cm",4,143,502,3,0,0,1632,11
202503,1,3,"kota adm. jakarta timur","kramat jati",cawang,"30 s.d 370 cm",2,60,240,3,0,0,777,3
202503,1,3,"kota adm. jakarta timur","kramat jati",cililitan,",6 s.d 370 cm",2,28,90,3,0,0,82,1
202503,1,3,"kota adm. jakarta timur",makasar,"cipinang melayu","30 s.d 40 cm",2,0,0,1,0,0,0,0
202503,1,3,"kota adm. jakarta timur",jatinegara,"cipinang muara","30 s.d 90 cm",1,150,365,2,0,0,0,0
202503,1,3,"kota adm. jakarta timur","pasar rebo",gedong,"30 s.d 500 cm",3,82,264,2,0,0,0,0
202503,1,3,"kota adm. jakarta timur",jatinegara,"kampung melayu","30 s.d 330 cm",4,0,0,6,0,0,601,5
202503,1,3,"kota adm. jakarta timur",cipayung,"lubang buaya","30 cm",1,0,0,1,0,0,0,0
202506,2,4,"kota adm. jakarta barat","kebon jeruk","duri kepa","40 cm",1,0,0,1,0,0,0,0
202506,2,4,"kota adm. jakarta barat",cengkareng,"duri kosambi","40 cm",1,0,0,1,0,0,0,0
202506,2,4,"kota adm. jakarta barat",kembangan,joglo,"30 s.d 75 cm",1,0,0,1,0,0,0,0
202506,2,4,"kota adm. jakarta barat",cengkareng,"rawa buaya","35 s.d 90 cm",1,0,0,1,0,0,0,0
202506,2,4,"kota adm. jakarta barat","kebon jeruk","sukabumi selatan","50 s.d 175 cm",1,0,0,1,0,0,0,0
202506,2,4,"kota adm. jakarta selatan","mampang prapatan","kuningan barat","30 s.d 80 cm",1,0,0,1,0,0,0,0
202506,2,4,"kota adm. jakarta timur",jatinegara,"bidara cina","30 s.d 40 cm",1,0,0,1,0,0,0,0
202506,2,4,"kota adm. jakarta timur",makasar,"cipinang melayu","50 s.d 180 cm",2,0,0,1,0,0,0,0
202506,2,4,"kota adm. jakarta timur",jatinegara,"cipinang muara","30 cm",1,0,0,1,0,0,0,0
202506,2,4,"kota adm. jakarta timur",jatinegara,"kampung melayu","30 s.d 40 cm",2,44,125,2,0,0,0,0
202506,2,4,"kota adm. jakarta timur",cipayung,"lubang buaya","30 cm",1,0,0,1,0,0,0,0
202506,2,4,"kota adm. jakarta timur",cipayung,setu,"30 cm",1,0,0,1,0,0,0,0
202506,2,4,"kota adm. jakarta utara",penjaringan,pluit,"10 s.d 55 cm",1,0,0,2,0,0,0,0
202506,2,5,"kota adm. jakarta barat","kebon jeruk","duri kepa","20 s.d 50 cm",2,0,0,1,0,0,0,0
202506,2,5,"kota adm. jakarta barat",kembangan,joglo,"35 s.d 55 cm",2,0,0,1,0,0,46,1
202506,2,5,"kota adm. jakarta barat",kembangan,"kembangan selatan","40 s.d 70 cm",1,0,0,1,0,0,0,0
202506,2,5,"kota adm. jakarta barat",kembangan,"meruya utara","30 s.d 130 cm",1,0,0,1,0,0,0,0
202506,2,5,"kota adm. jakarta barat",cengkareng,"rawa buaya","30 cm",1,0,0,1,0,0,0,0
202506,2,5,"kota adm. jakarta barat",kembangan,srengseng,"40 cm",1,0,0,1,0,0,0,0
202506,2,5,"kota adm. jakarta barat","kebon jeruk","sukabumi selatan","50 s.d 95 cm",1,0,0,3,0,0,0,0
202506,2,5,"kota adm. jakarta selatan",jagakarsa,ciganjur,"40 cm",1,0,0,1,0,0,14,1
202506,2,5,"kota adm. jakarta selatan","pasar minggu","cilandak timur","25 s.d 100 cm",2,0,0,2,0,0,0,0
202506,2,5,"kota adm. jakarta selatan",pancoran,kalibata,"60 cm",1,0,0,1,0,0,0,0
202506,2,5,"kota adm. jakarta selatan","mampang prapatan","kuningan barat","30 s.d 100 cm",4,0,0,2,0,0,0,0
202506,2,5,"kota adm. jakarta selatan","mampang prapatan","pela mampang","50 cm",1,0,0,1,0,0,0,0
202506,2,5,"kota adm. jakarta timur",jatinegara,"bidara cina","30 s.d 70 cm",4,0,0,2,0,0,0,0
202506,2,5,"kota adm. jakarta timur",kramatjati,cawang,"45 s.d 130 cm",1,162,446,2,0,0,0,0
202506,2,5,"kota adm. jakarta timur",kramatjati,cililitan,"00 s.d 130 cm",2,14,45,1,0,0,0,0
202506,2,5,"kota adm. jakarta timur",jatinegara,"cipinang muara","15 s.d 45 cm",1,0,0,1,0,0,0,0
202506,2,5,"kota adm. jakarta timur",jatinegara,"kampung melayu","30 s.d 40 cm",2,44,125,2,0,0,0,0
202506,2,5,"kota adm. jakarta timur",makasar,makasar,"30 cm",1,150,450,1,0,0,0,0
202506,2,5,"kota adm. jakarta utara",penjaringan,pluit,"10 s.d 65 cm",2,0,0,7,0,0,0,0
202506,2,6,"kota adm. jakarta barat",kembangan,"kembangan selatan","30 s.d 50 cm",1,0,0,2,0,0,0,0
202506,2,6,"kota adm. jakarta barat",cengkareng,"rawa buaya","30 s.d 50 cm",1,0,0,2,0,0,0,0
202506,2,6,"kota adm. jakarta selatan",cilandak,"cilandak barat","40 cm",1,0,0,1,0,0,0,0
202506,2,6,"kota adm. jakarta selatan","pasar minggu","cilandak timur","30 s.d 80 cm",1,0,0,1,0,0,0,0
202506,2,6,"kota adm. jakarta selatan",pancoran,"duren tiga","90 cm",1,0,0,1,0,0,0,0
202506,2,6,"kota adm. jakarta selatan","mampang prapatan","kuningan barat","80 s.d 110 cm",1,0,0,1,0,0,0,0
202506,2,6,"kota adm. jakarta selatan","mampang prapatan","pela mampang","45 s.d 80 cm",2,0,0,3,0,0,0,0
202506,2,6,"kota adm. jakarta selatan",pesanggrahan,pesanggrahan,"30 s.d 50 cm",1,0,0,2,0,0,0,0
202506,2,6,"kota adm. jakarta selatan","kebayoran baru",petogogan,"60 s.d 80 cm",3,0,0,1,0,0,0,0
202506,2,6,"kota adm. jakarta utara",cilincing,marunda,"10 cm",1,0,0,2,0,0,0,0
202506,2,6,"kota adm. jakarta utara",penjaringan,pluit,"10 s.d 90 cm",1,0,0,10,0,0,0,0
202509,3,7,"kota adm. jakarta barat","kebon jeruk","duri kepa","40 cm",1,0,0,1,0,0,0,0
202509,3,7,"kota adm. jakarta barat",cengkareng,"duri kosambi","30 s.d 60 cm",4,0,0,2,0,0,0,0
202509,3,7,"kota adm. jakarta barat",kembangan,joglo,"30 s.d 60 cm",1,0,0,3,0,0,0,0
202509,3,7,"kota adm. jakarta barat",kalideres,kamal,"20 s.d 40 cm",1,0,0,1,0,0,0,0
202509,3,7,"kota adm. jakarta barat","kebon jeruk","kebon jeruk","40 cm",2,0,0,1,0,0,0,0
202509,3,7,"kota adm. jakarta barat",cengkareng,"kedaung kali angke","30 s.d 75 cm",2,40,110,2,0,0,110,3
202509,3,7,"kota adm. jakarta barat","kebon jeruk","kedoya selatan","25 s.d 60 cm",1,12,37,2,0,0,37,1
202509,3,7,"kota adm. jakarta barat",kembangan,"kembangan selatan","30 s.d 60 cm",2,10,40,3,0,0,40,1
202509,3,7,"kota adm. jakarta barat",kembangan,"kembangan utara","20 s.d 100 cm",1,0,0,2,0,0,0,0
202509,3,7,"kota adm. jakarta barat",kembangan,"meruya utara","30 s.d 130 cm",1,0,0,1,0,0,0,0
202509,3,7,"kota adm. jakarta barat",cengkareng,"rawa buaya","30 s.d 80 cm",3,0,0,4,0,0,0,0
202509,3,7,"kota adm. jakarta barat",kalideres,semanan,"20 s.d 30 cm",1,0,0,1,0,0,0,0
202509,3,7,"kota adm. jakarta barat","kebon jeruk","sukabumi selatan","40 s.d 100 cm",1,0,0,2,0,0,0,0
202509,3,7,"kota adm. jakarta barat","kebon jeruk","sukabumi utara","40 s.d 60 cm",2,0,0,2,0,0,0,0
202509,3,7,"kota adm. jakarta barat",kalideres,"tegal alur","30 cm",1,0,0,1,0,0,0,0
202509,3,7,"kota adm. jakarta pusat","tanah abang","bendungan hilir","30 s.d 40 cm",1,0,0,2,0,0,0,0
202509,3,7,"kota adm. jakarta pusat","tanah abang","karet tengsin","30 s.d 70 cm",6,20,71,1,0,0,156,3
202509,3,7,"kota adm. jakarta pusat","tanah abang",petamburan,"40 cm",2,0,0,1,0,0,0,0
202509,3,7,"kota adm. jakarta selatan","mampang prapatan",bangka,"30 s.d 100 cm",1,0,0,2,0,0,0,0
202509,3,7,"kota adm. jakarta selatan",jagakarsa,ciganjur,"0 cm",1,0,0,1,0,0,0,0
202509,3,7,"kota adm. jakarta selatan",cilandak,"cilandak barat","70 cm",1,0,0,1,0,0,0,0
202509,3,7,"kota adm. jakarta selatan","pasar minggu","cilandak timur","20 s.d 150 cm",2,0,0,2,0,0,0,0
202509,3,7,"kota adm. jakarta selatan","kebayoran baru","cipete utara","30 s.d 200 cm",1,300,1000,2,0,0,0,0
202509,3,7,"kota adm. jakarta selatan",pancoran,"duren tiga","30 s.d 130 cm",1,0,0,2,0,0,0,0
202509,3,7,"kota adm. jakarta selatan",cilandak,"gandaria selatan","30 s.d 80 cm",1,365,1450,1,0,0,0,0
202509,3,7,"kota adm. jakarta selatan",jagakarsa,jagakarsa,"25 s.d 40 cm",1,0,0,1,0,0,0,0
202509,3,7,"kota adm. jakarta selatan","pasar minggu","jati padang","35 s.d 90 cm",2,503,1619,2,0,0,75,2
202509,3,7,"kota adm. jakarta selatan",pancoran,kalibata,"30 s.d 130 cm",1,65,190,1,0,0,0,0
202509,3,7,"kota adm. jakarta selatan",tebet,"kebon baru","30 s.d 120 cm",1,0,0,1,0,0,0,0
202509,3,7,"kota adm. jakarta selatan","mampang prapatan","kuningan barat","20 s.d 120 cm",3,0,0,2,0,0,0,0
202509,3,7,"kota adm. jakarta selatan",cilandak,"lebak bulus","30 s.d 60 cm",1,0,0,2,0,0,0,0
202509,3,7,"kota adm. jakarta selatan",jagakarsa,"lenteng agung","30 s.d 60 cm",1,40,146,1,0,0,0,0
202509,3,7,"kota adm. jakarta selatan",tebet,manggarai,"30 s.d 80 cm",4,33,0,1,0,0,0,0
202509,3,7,"kota adm. jakarta selatan","pasar minggu","pejaten barat","40 s.d 90 cm",1,0,0,1,0,0,60,1
202509,3,7,"kota adm. jakarta selatan","pasar minggu","pejaten timur","30 s.d 240 cm",3,51,108,2,0,0,0,0
202509,3,7,"kota adm. jakarta selatan","mampang prapatan","pela mampang","30 s.d 200 cm",4,0,0,3,0,0,0,0
202509,3,7,"kota adm. jakarta selatan",pancoran,pengadegan,"30 s.d 180 cm",1,71,185,1,0,0,0,0
202509,3,7,"kota adm. jakarta selatan","kebayoran baru",petogogan,"30 s.d 60 cm",3,0,0,2,0,0,0,0
202509,3,7,"kota adm. jakarta selatan",cilandak,"pondok labu","70 s.d 120 cm",1,0,0,2,0,0,0,0
202509,3,7,"kota adm. jakarta selatan",pancoran,rawajati,"30 s.d 270 cm",2,0,0,3,0,0,0,0
202509,3,7,"kota adm. jakarta selatan",jagakarsa,"srengseng sawah","30 cm",1,12,39,1,0,0,0,0
202509,3,7,"kota adm. jakarta selatan",jagakarsa,"tanjung barat","30 s.d 210 cm",1,25,75,1,0,0,0,0
202509,3,7,"kota adm. jakarta timur",kramatjati,balekambang,"30 s.d 150 cm",1,47,170,2,0,0,0,0
202509,3,7,"kota adm. jakarta timur",jatinegara,"bidara cina","30 s.d 250 cm",3,37,121,2,0,0,137,1
202509,3,7,"kota adm. jakarta timur",kramatjati,cawang,"30 s.d 300 cm",2,280,860,2,0,0,30,1
202509,3,7,"kota adm. jakarta timur",kramatjati,cililitan,"30 s.d 290 cm",2,109,301,2,0,0,11,1
202509,3,7,"kota adm. jakarta timur",makasar,"cipinang melayu","40 s.d 150 cm",3,95,337,1,0,0,309,5
202509,3,7,"kota adm. jakarta timur",jatinegara,"cipinang muara","40 s.d 65 cm",1,0,0,2,0,0,0,0
202509,3,7,"kota adm. jakarta timur","pasar rebo",gedong,"50 s.d 200 cm",4,82,264,2,0,0,0,0
202509,3,7,"kota adm. jakarta timur",jatinegara,"kampung melayu","30 s.d 220 cm",2,132,425,2,0,0,193,2
202509,3,7,"kota adm. jakarta timur",makasar,"kebon pala","30 s.d 80 cm",1,0,0,1,0,0,0,0
202509,3,7,"kota adm. jakarta timur",ciracas,susukan,"40 s.d 50 cm",1,0,0,1,0,0,0,0
202509,3,7,"kota adm. jakarta timur",kramatjati,tengah,"30 s.d 40 cm",1,0,0,1,0,0,0,0
202509,3,7,"kota adm. jakarta utara",penjaringan,"kapuk muara","10 s.d 65 cm",1,0,0,1,0,0,0,0
202509,3,7,"kota adm. jakarta utara",penjaringan,pluit,"10 s.d 60 cm",1,0,0,13,0,0,0,0
202509,3,8,"kota adm. jakarta barat",kembangan,joglo,"25 s.d 80 cm",1,0,0,2,0,0,0,0
202509,3,8,"kota adm. jakarta barat","kebon jeruk","kebon jeruk","30 s.d 40 cm",1,0,0,1,0,0,0,0
202509,3,8,"kota adm. jakarta barat","kebon jeruk","kedoya selatan","30 s.d 40 cm",1,0,0,1,0,0,0,0
202509,3,8,"kota adm. jakarta barat",kembangan,"kembangan selatan","30 cm",1,0,0,1,0,0,0,0
202509,3,8,"kota adm. jakarta barat",kembangan,"kembangan utara","30 cm",1,0,0,1,0,0,0,0
202509,3,8,"kota adm. jakarta barat",cengkareng,"rawa buaya","50 s.d 60 cm",1,0,0,1,0,0,0,0
202509,3,8,"kota adm. jakarta barat","kebon jeruk","sukabumi selatan","70 cm",1,0,0,1,0,0,0,0
202509,3,8,"kota adm. jakarta barat","kebon jeruk","sukabumi utara","30 cm",1,0,0,1,0,0,0,0
202509,3,8,"kota adm. jakarta barat",kalideres,"tegal alur","30 cm",1,10,20,1,0,0,20,1
202509,3,8,"kota adm. jakarta selatan",pesanggrahan,bintaro,"30 s.d 150 cm",2,0,0,1,0,0,0,0
202509,3,8,"kota adm. jakarta selatan",cilandak,"cilandak barat","30 cm",1,0,0,1,0,0,0,0
202509,3,8,"kota adm. jakarta selatan","pasar minggu","cilandak timur","40 s.d 45 cm",1,0,0,1,0,0,0,0
202509,3,8,"kota adm. jakarta selatan","kebayoran lama",cipulir,"30 s.d 60 cm",1,0,0,1,0,0,0,0
202509,3,8,"kota adm. jakarta selatan","kebayoran lama","kebayoran lama utara","40 s.d 50 cm",1,0,0,1,0,0,0,0
202509,3,8,"kota adm. jakarta selatan","pasar minggu","pejaten timur","45 s.d 130 cm",2,110,335,1,0,0,0,0
202509,3,8,"kota adm. jakarta selatan",cilandak,"pondok labu","40 s.d 60 cm",1,115,460,1,0,0,0,0
202509,3,8,"kota adm. jakarta selatan","kebayoran lama","pondok pinang","40 s.d 160 cm",2,0,0,1,0,0,0,0
202509,3,8,"kota adm. jakarta timur",jatinegara,"bidara cina","30 s.d 65 cm",3,108,397,3,0,0,0,0
202509,3,8,"kota adm. jakarta timur",kramatjati,cawang,"30 s.d 95 cm",2,280,860,2,0,0,0,0
202509,3,8,"kota adm. jakarta timur",kramatjati,cililitan,"40 s.d 90 cm",2,95,256,2,0,0,0,0
202509,3,8,"kota adm. jakarta timur",makasar,"cipinang melayu","40 s.d 60 cm",2,0,0,1,0,0,0,0
202509,3,8,"kota adm. jakarta timur",jatinegara,"cipinang muara","35 s.d 120 cm",1,142,245,2,0,0,0,0
202509,3,8,"kota adm. jakarta timur",kramatjati,dukuh,"30 cm",1,0,0,1,0,0,0,0
202509,3,8,"kota adm. jakarta timur",jatinegara,"kampung melayu","30 s.d 75 cm",2,71,232,3,0,0,0,0
202509,3,8,"kota adm. jakarta timur",makasar,"kebon pala","30 cm",2,0,0,1,0,0,0,0
202509,3,8,"kota adm. jakarta timur",cipayung,"lubang buaya","30 s.d 90 cm",1,0,0,2,0,0,0,0
202509,3,8,"kota adm. jakarta timur",makasar,makasar,"30 cm",1,0,0,1,0,0,0,0
202509,3,8,"kota adm. jakarta timur","duren sawit","pondok bambu","50 cm",1,71,272,1,0,0,1,1
202509,3,8,"kota adm. jakarta timur",ciracas,rambutan,"30 s.d 40 cm",2,0,0,1,0,0,0,0
202509,3,8,"kota adm. jakarta timur",kramatjati,tengah,"30 s.d 50 cm",1,0,0,1,0,0,0,0
202509,3,8,"kota adm. jakarta utara",cilincing,marunda,"10 cm",1,0,0,1,0,0,0,0
202509,3,8,"kota adm. jakarta utara",penjaringan,pluit,"10 s.d 60 cm",1,0,0,3,0,0,0,0
202509,3,9,"kota adm. jakarta selatan","mampang prapatan",bangka,"30 s.d 45 cm",1,0,0,1,0,0,0,0
202509,3,9,"kota adm. jakarta selatan",pesanggrahan,bintaro,"30 s.d 50 cm",2,355,725,2,0,0,0,0
202509,3,9,"kota adm. jakarta selatan",cilandak,"cilandak barat","40 s.d 90 cm",1,0,0,1,0,0,0,0
202509,3,9,"kota adm. jakarta selatan","pasar minggu","cilandak timur","50 s.d 145 cm",2,293,907,1,0,0,43,2
202509,3,9,"kota adm. jakarta selatan",pancoran,kalibata,"40 cm",1,0,0,1,0,0,0,0
202509,3,9,"kota adm. jakarta selatan","mampang prapatan","kuningan barat","50 cm",1,0,0,1,0,0,0,0
202509,3,9,"kota adm. jakarta selatan",cilandak,"lebak bulus","40 s.d 60 cm",1,40,200,1,0,0,25,1
202509,3,9,"kota adm. jakarta selatan",pancoran,pancoran,"40 s.d 90 cm",1,0,0,1,0,0,0,0
202509,3,9,"kota adm. jakarta selatan","mampang prapatan","pela mampang","30 s.d 80 cm",3,0,0,3,0,0,0,0
202509,3,9,"kota adm. jakarta selatan",pesanggrahan,pesanggrahan,"30 s.d 70 cm",3,33,130,2,0,0,0,0
202509,3,9,"kota adm. jakarta selatan",pesanggrahan,"petukangan utara","30 cm",1,0,0,1,0,0,0,0
202509,3,9,"kota adm. jakarta selatan",cilandak,"pondok labu","0 cm",1,0,0,1,0,0,150,1
202509,3,9,"kota adm. jakarta selatan",pesanggrahan,ulujami,"50 cm",1,0,0,1,0,0,0,0
202509,3,9,"kota adm. jakarta timur",kramatjati,tengah,"30 cm",1,0,0,1,0,0,0,0
202509,3,9,"kota adm. jakarta utara",penjaringan,pluit,"10 cm",1,0,0,1,0,0,0,0
202603,1,1,"KAB. ADM. KEP. SERIBU","KEPULAUAN SERIBU UTARA","PULAU KELAPA","15 cm",1,0,0,1,0,0,0,0
202603,1,1,"KAB. ADM. KEP. SERIBU","KEPULAUAN SERIBU UTARA","PULAU PANGGANG","10 cm",2,0,0,1,0,0,0,0
202603,1,1,"KAB. ADM. KEP. SERIBU","KEPULAUAN SERIBU SELATAN","PULAU PARI","15 s.d 20 cm",2,0,0,1,0,0,0,0
202603,1,1,"KOTA ADM. JAKARTA BARAT",CENGKARENG,"CENGKARENG BARAT","30 s.d 60 cm",1,9,22,1,0,0,22,1
202603,1,1,"KOTA ADM. JAKARTA BARAT","KEBON JERUK","DURI KEPA","15 s.d 30 cm",2,0,0,2,0,0,0,0
202603,1,1,"KOTA ADM. JAKARTA BARAT",CENGKARENG,"DURI KOSAMBI","20 s.d 120 cm",4,69,273,2,0,0,273,2
202603,1,1,"KOTA ADM. JAKARTA BARAT","GROGOL PETAMBURAN",JELAMBAR,"20 s.d 25 cm",2,20,77,2,0,0,77,2
202603,1,1,"KOTA ADM. JAKARTA BARAT",TAMBORA,"JEMBATAN LIMA","30 cm",1,0,0,1,0,0,0,0
202603,1,1,"KOTA ADM. JAKARTA BARAT",KEMBANGAN,JOGLO,"40 cm",1,0,0,1,0,0,0,0
202603,1,1,"KOTA ADM. JAKARTA BARAT",KALIDERES,KAMAL,"25 s.d 60 cm",1,505,722,3,0,0,722,2
202603,1,1,"KOTA ADM. JAKARTA BARAT",CENGKARENG,KAPUK,"25 s.d 70 cm",3,0,0,2,0,0,0,0
202603,1,1,"KOTA ADM. JAKARTA BARAT",CENGKARENG,"KEDAUNG KALI ANGKE","20 s.d 80 cm",3,44,167,4,0,0,167,5
202603,1,1,"KOTA ADM. JAKARTA BARAT","KEBON JERUK","KEDOYA SELATAN","20 s.d 80 cm",1,42,139,3,0,0,139,3
202603,1,1,"KOTA ADM. JAKARTA BARAT","KEBON JERUK","KEDOYA UTARA","15 s.d 80 cm",2,0,0,1,0,0,0,0
202603,1,1,"KOTA ADM. JAKARTA BARAT",KEMBANGAN,"KEMBANGAN SELATAN","20 s.d 100 cm",4,15,60,4,0,0,60,1
202603,1,1,"KOTA ADM. JAKARTA BARAT",KEMBANGAN,"KEMBANGAN UTARA","20 s.d 70 cm",3,38,144,1,0,0,144,2
202603,1,1,"KOTA ADM. JAKARTA BARAT","PAL MERAH","KOTA BAMBU SELATAN","50 cm",1,20,65,1,0,0,65,1
202603,1,1,"KOTA ADM. JAKARTA BARAT",KEMBANGAN,"MERUYA SELATAN","50 s.d 60 cm",1,16,57,1,0,0,57,1
202603,1,1,"KOTA ADM. JAKARTA BARAT",KALIDERES,PEGADUNGAN,"40 cm",1,0,0,1,0,0,0,0
202603,1,1,"KOTA ADM. JAKARTA BARAT",CENGKARENG,"RAWA BUAYA","10 s.d 150 cm",6,62,210,4,0,0,210,3
202603,1,1,"KOTA ADM. JAKARTA BARAT","KEBON JERUK","SUKABUMI SELATAN","20 s.d 110 cm",1,0,0,3,0,0,0,0
202603,1,1,"KOTA ADM. JAKARTA BARAT","KEBON JERUK","SUKABUMI UTARA","30 s.d 70 cm",1,0,0,2,0,0,0,0
202603,1,1,"KOTA ADM. JAKARTA BARAT",KALIDERES,"TEGAL ALUR","25 s.d 80 cm",4,106,388,2,0,0,388,4
202603,1,1,"KOTA ADM. JAKARTA PUSAT","TANAH ABANG","BENDUNGAN HILIR","40 cm",1,0,0,2,0,0,0,0
202603,1,1,"KOTA ADM. JAKARTA PUSAT","TANAH ABANG","KARET TENGSIN","30 s.d 70 cm",7,71,275,2,0,0,275,7
202603,1,1,"KOTA ADM. JAKARTA PUSAT","TANAH ABANG",PETAMBURAN,"50 cm",2,0,0,1,0,0,0,0
202603,1,1,"KOTA ADM. JAKARTA PUSAT",KEMAYORAN,SERDANG,"30 cm",1,0,0,1,0,0,0,0
202603,1,1,"KOTA ADM. JAKARTA SELATAN",CILANDAK,"CILANDAK BARAT","40 cm",1,0,0,1,0,0,0,0
202603,1,1,"KOTA ADM. JAKARTA SELATAN","PASAR MINGGU","CILANDAK TIMUR","20 s.d 95 cm",2,0,0,3,0,0,0,0
202603,1,1,"KOTA ADM. JAKARTA SELATAN","KEBAYORAN BARU","CIPETE UTARA","15 s.d 80 cm",1,305,1018,3,0,0,18,1
202603,1,1,"KOTA ADM. JAKARTA SELATAN","KEBAYORAN LAMA",CIPULIR,"35 s.d 120 cm",1,83,288,2,0,0,0,0
202603,1,1,"KOTA ADM. JAKARTA SELATAN",PANCORAN,"DUREN TIGA","40 s.d 50 cm",1,0,0,2,0,0,0,0
202603,1,1,"KOTA ADM. JAKARTA SELATAN",CILANDAK,"GANDARIA SELATAN","30 cm",1,0,0,1,0,0,0,0
202603,1,1,"KOTA ADM. JAKARTA SELATAN",JAGAKARSA,JAGAKARSA,"30 cm",1,0,0,1,0,0,0,0
202603,1,1,"KOTA ADM. JAKARTA SELATAN",TEBET,"KEBON BARU","25 s.d 140 cm",1,0,0,2,0,0,0,0
202603,1,1,"KOTA ADM. JAKARTA SELATAN","MAMPANG PRAPATAN","KUNINGAN BARAT","20 s.d 100 cm",3,106,200,3,0,0,0,0
202603,1,1,"KOTA ADM. JAKARTA SELATAN",TEBET,MANGGARAI,"40 cm",3,0,0,1,0,0,0,0
202603,1,1,"KOTA ADM. JAKARTA SELATAN","PASAR MINGGU","PEJATEN TIMUR","20 s.d 350 cm",3,70,285,5,0,0,260,1
202603,1,1,"KOTA ADM. JAKARTA SELATAN","MAMPANG PRAPATAN","PELA MAMPANG","30 s.d 90 cm",1,0,0,3,0,0,0,0
202603,1,1,"KOTA ADM. JAKARTA SELATAN",PANCORAN,PENGADEGAN,"15 s.d 140 cm",2,86,260,1,0,0,0,0
202603,1,1,"KOTA ADM. JAKARTA SELATAN","KEBAYORAN BARU",PETOGOGAN,"30 s.d 50 cm",2,0,0,1,0,0,0,0
202603,1,1,"KOTA ADM. JAKARTA SELATAN",CILANDAK,"PONDOK LABU","20 s.d 80 cm",2,99,200,2,0,0,0,0
202603,1,1,"KOTA ADM. JAKARTA SELATAN","KEBAYORAN LAMA","PONDOK PINANG","40 s.d 70 cm",1,150,400,2,0,0,0,0
202603,1,1,"KOTA ADM. JAKARTA SELATAN",PANCORAN,RAWAJATI,"25 s.d 280 cm",1,36,137,4,0,0,0,0
202603,1,1,"KOTA ADM. JAKARTA SELATAN",JAGAKARSA,"TANJUNG BARAT","30 s.d 300 cm",2,37,91,2,0,0,0,0
202603,1,1,"KOTA ADM. JAKARTA SELATAN",PESANGGRAHAN,ULUJAMI,"70 cm",1,0,0,1,0,0,0,0
202603,1,1,"KOTA ADM. JAKARTA TIMUR",KRAMATJATI,BALEKAMBANG,"30 s.d 165 cm",1,0,0,2,0,0,0,0
202603,1,1,"KOTA ADM. JAKARTA TIMUR",JATINEGARA,"BIDARA CINA","20 s.d 210 cm",3,158,559,4,0,0,417,7
202603,1,1,"KOTA ADM. JAKARTA TIMUR",CAKUNG,"CAKUNG BARAT","25 s.d 60 cm",1,0,0,1,0,0,0,0
202603,1,1,"KOTA ADM. JAKARTA TIMUR",KRAMATJATI,CAWANG,"10 s.d 350 cm",3,280,860,5,0,0,210,4
202603,1,1,"KOTA ADM. JAKARTA TIMUR",KRAMATJATI,CILILITAN,"20 s.d 230 cm",2,95,256,4,0,0,97,2
202603,1,1,"KOTA ADM. JAKARTA TIMUR",MAKASAR,"CIPINANG MELAYU","20 s.d 100 cm",4,18,69,1,0,0,69,1
202603,1,1,"KOTA ADM. JAKARTA TIMUR",JATINEGARA,"CIPINANG MUARA","15 s.d 60 cm",1,142,335,2,0,0,0,0
202603,1,1,"KOTA ADM. JAKARTA TIMUR","PASAR REBO",GEDONG,"30 s.d 100 cm",3,0,0,1,0,0,0,0
202603,1,1,"KOTA ADM. JAKARTA TIMUR",MAKASAR,"HALIM PERDANA KUSUMA","20 s.d 85 cm",3,52,209,1,0,0,209,2
202603,1,1,"KOTA ADM. JAKARTA TIMUR",JATINEGARA,"KAMPUNG MELAYU","10 s.d 225 cm",4,336,1183,5,0,0,1137,6
202603,1,1,"KOTA ADM. JAKARTA TIMUR",CIPAYUNG,"LUBANG BUAYA","30 cm",1,0,0,1,0,0,0,0
202603,1,1,"KOTA ADM. JAKARTA TIMUR",MAKASAR,MAKASAR,"25 s.d 30 cm",1,0,0,1,0,0,0,0
202603,1,1,"KOTA ADM. JAKARTA TIMUR",MAKASAR,PINANGRANTI,"20 s.d 40 cm",1,0,0,1,0,0,0,0
202603,1,1,"KOTA ADM. JAKARTA TIMUR",CAKUNG,"PULO GEBANG","30 cm",1,0,0,1,0,0,0,0
202603,1,1,"KOTA ADM. JAKARTA TIMUR",CAKUNG,"RAWA TERATE","20 s.d 120 cm",2,306,919,4,0,0,63,4
202603,1,1,"KOTA ADM. JAKARTA TIMUR",KRAMATJATI,TENGAH,"35 cm",1,0,0,1,0,0,0,0
202603,1,1,"KOTA ADM. JAKARTA UTARA",PADEMANGAN,ANCOL,"15 s.d 25 cm",1,0,0,1,0,0,0,0
202603,1,1,"KOTA ADM. JAKARTA UTARA",CILINCING,CILINCING,"15 s.d 30 cm",1,86,230,2,0,0,230,1
202603,1,1,"KOTA ADM. JAKARTA UTARA",CILINCING,KALIBARU,"30 cm",1,50,68,1,0,0,68,1
202603,1,1,"KOTA ADM. JAKARTA UTARA",PENJARINGAN,"KAMAL MUARA","30 s.d 50 cm",2,67,211,1,0,0,211,4
202603,1,1,"KOTA ADM. JAKARTA UTARA",PENJARINGAN,"KAPUK MUARA","10 s.d 85 cm",3,25,97,3,0,0,97,1
202603,1,1,"KOTA ADM. JAKARTA UTARA","TANJUNG PRIOK","KEBON BAWANG","50 s.d 60 cm",3,66,257,1,0,0,257,5
202603,1,1,"KOTA ADM. JAKARTA UTARA",KOJA,LAGOA,"10 s.d 15 cm",2,12,25,1,0,0,25,2
202603,1,1,"KOTA ADM. JAKARTA UTARA",CILINCING,MARUNDA,"10 s.d 60 cm",4,112,350,4,0,0,350,2
202603,1,1,"KOTA ADM. JAKARTA UTARA",PADEMANGAN,"PADEMANGAN BARAT","20 s.d 30 cm",1,0,0,1,0,0,0,0
202603,1,1,"KOTA ADM. JAKARTA UTARA","TANJUNG PRIOK",PAPANGGO,"30 cm",5,185,377,1,0,0,67,3
202603,1,1,"KOTA ADM. JAKARTA UTARA",PENJARINGAN,PLUIT,"10 cm",1,0,0,1,0,0,0,0
202603,1,1,"KOTA ADM. JAKARTA UTARA",CILINCING,ROROTAN,"15 s.d 50 cm",1,0,0,1,0,0,0,0
202603,1,1,"KOTA ADM. JAKARTA UTARA",CILINCING,"SEMPER BARAT","30 s.d 60 cm",2,207,625,1,0,0,625,1
202603,1,1,"KOTA ADM. JAKARTA UTARA",CILINCING,"SEMPER TIMUR","30 cm",4,163,337,1,0,0,337,9
202603,1,1,"KOTA ADM. JAKARTA UTARA",CILINCING,SUKAPURA,"30 s.d 50 cm",1,25,91,1,0,0,91,1
202603,1,1,"KOTA ADM. JAKARTA UTARA","TANJUNG PRIOK","TANJUNG PRIOK","20 s.d 25 cm",2,0,0,3,0,0,0,0
202603,1,1,"KOTA ADM. JAKARTA UTARA","TANJUNG PRIOK",WARAKAS,"35 cm",3,81,175,1,0,0,175,3
202603,1,2,"KOTA ADM. JAKARTA BARAT","KEBON JERUK","KEBON JERUK","40 cm",1,0,0,1,0,0,0,0
202603,1,2,"KOTA ADM. JAKARTA BARAT",CENGKARENG,"KEDAUNG KALI ANGKE","30 s.d 80 cm",4,0,0,1,0,0,0,0
202603,1,2,"KOTA ADM. JAKARTA BARAT","KEBON JERUK","KEDOYA SELATAN","40 s.d 80 cm",1,10,30,1,0,0,30,1
202603,1,2,"KOTA ADM. JAKARTA BARAT",KEMBANGAN,"KEMBANGAN SELATAN","40 s.d 65 cm",2,12,60,2,0,0,60,1
202603,1,2,"KOTA ADM. JAKARTA BARAT",KEMBANGAN,"KEMBANGAN UTARA","40 cm",1,0,0,1,0,0,0,0
202603,1,2,"KOTA ADM. JAKARTA BARAT",CENGKARENG,"RAWA BUAYA","30 s.d 70 cm",3,0,0,1,0,0,0,0
202603,1,2,"KOTA ADM. JAKARTA BARAT",KALIDERES,"TEGAL ALUR","20 cm",1,0,0,1,0,0,0,0
202603,1,2,"KOTA ADM. JAKARTA SELATAN",PESANGGRAHAN,BINTARO,"40 s.d 70 cm",2,445,1085,1,0,0,440,3
202603,1,2,"KOTA ADM. JAKARTA SELATAN",CILANDAK,"CILANDAK BARAT","30 s.d 50 cm",1,0,0,1,0,0,0,0
202603,1,2,"KOTA ADM. JAKARTA SELATAN","PASAR MINGGU","CILANDAK TIMUR","40 s.d 130 cm",2,248,802,1,0,0,0,0
202603,1,2,"KOTA ADM. JAKARTA SELATAN","KEBAYORAN BARU","CIPETE UTARA","60 s.d 110 cm",1,50,100,1,0,0,0,0
202603,1,2,"KOTA ADM. JAKARTA SELATAN","KEBAYORAN LAMA",CIPULIR,"70 cm",1,83,288,1,0,0,0,0
202603,1,2,"KOTA ADM. JAKARTA SELATAN","KEBAYORAN LAMA","KEBAYORAN LAMA UTARA","20 s.d 30 cm",1,0,0,1,0,0,0,0
202603,1,2,"KOTA ADM. JAKARTA SELATAN",CILANDAK,"LEBAK BULUS","15 s.d 60 cm",2,40,200,1,0,0,0,0
202603,1,2,"KOTA ADM. JAKARTA SELATAN","PASAR MINGGU","PEJATEN TIMUR","30 s.d 180 cm",3,0,0,2,0,0,0,0
202603,1,2,"KOTA ADM. JAKARTA SELATAN","MAMPANG PRAPATAN","PELA MAMPANG","30 s.d 70 cm",2,0,0,1,0,0,0,0
202603,1,2,"KOTA ADM. JAKARTA SELATAN",PESANGGRAHAN,PESANGGRAHAN,"30 s.d 70 cm",4,38,145,1,0,0,0,0
202603,1,2,"KOTA ADM. JAKARTA SELATAN","KEBAYORAN BARU",PETOGOGAN,"15 s.d 80 cm",3,0,0,2,0,0,0,0
202603,1,2,"KOTA ADM. JAKARTA SELATAN",PESANGGRAHAN,"PETUKANGAN UTARA","00 s.d 100 cm",1,550,1200,1,0,0,120,1
202603,1,2,"KOTA ADM. JAKARTA SELATAN",CILANDAK,"PONDOK LABU","30 s.d 50 cm",1,0,0,1,0,0,0,0
202603,1,2,"KOTA ADM. JAKARTA SELATAN","KEBAYORAN LAMA","PONDOK PINANG","90 s.d 120 cm",2,0,0,1,0,0,0,0
202603,1,2,"KOTA ADM. JAKARTA SELATAN",PANCORAN,RAWAJATI,"30 cm",1,0,0,1,0,0,0,0
202603,1,2,"KOTA ADM. JAKARTA SELATAN",JAGAKARSA,"TANJUNG BARAT","30 s.d 40 cm",1,0,0,1,0,0,0,0
202603,1,2,"KOTA ADM. JAKARTA SELATAN",PESANGGRAHAN,ULUJAMI,"80 s.d 90 cm",1,0,0,1,0,0,0,0
202603,1,2,"KOTA ADM. JAKARTA TIMUR",KRAMATJATI,BALEKAMBANG,"80 cm",1,0,0,1,0,0,0,0
202603,1,2,"KOTA ADM. JAKARTA TIMUR",JATINEGARA,"BIDARA CINA",",8 s.d 125 cm",6,0,0,1,0,0,0,0
202603,1,2,"KOTA ADM. JAKARTA TIMUR",KRAMATJATI,CAWANG,"40 s.d 80 cm",3,0,0,1,0,0,0,0
202603,1,2,"KOTA ADM. JAKARTA TIMUR",KRAMATJATI,CILILITAN,"40 s.d 80 cm",2,0,0,1,0,0,0,0
202603,1,2,"KOTA ADM. JAKARTA TIMUR",JATINEGARA,"KAMPUNG MELAYU",",6 s.d 150 cm",4,0,0,1,0,0,0,0
202603,1,2,"KOTA ADM. JAKARTA UTARA",CILINCING,ROROTAN,"50 cm",1,0,0,1,0,0,0,0
202603,1,3,"KOTA ADM. JAKARTA BARAT",CENGKARENG,"CENGKARENG TIMUR","30 s.d 40 cm",1,55,337,1,0,0,0,0
202603,1,3,"KOTA ADM. JAKARTA BARAT",CENGKARENG,"DURI KOSAMBI","25 s.d 120 cm",3,40,235,1,0,0,235,1
202603,1,3,"KOTA ADM. JAKARTA BARAT","GROGOL PETAMBURAN",JELAMBAR,"30 s.d 40 cm",1,10,30,1,0,0,30,1
202603,1,3,"KOTA ADM. JAKARTA BARAT","GROGOL PETAMBURAN","JELAMBAR BARU","20 s.d 40 cm",1,10,20,1,0,0,20,1
202603,1,3,"KOTA ADM. JAKARTA BARAT",KEMBANGAN,JOGLO,"40 s.d 65 cm",1,0,0,1,0,0,0,0
202603,1,3,"KOTA ADM. JAKARTA BARAT","KEBON JERUK","KEBON JERUK","15 s.d 40 cm",1,0,0,1,0,0,0,0
202603,1,3,"KOTA ADM. JAKARTA BARAT",CENGKARENG,"KEDAUNG KALI ANGKE","50 s.d 80 cm",2,44,138,1,0,0,138,3
202603,1,3,"KOTA ADM. JAKARTA BARAT","KEBON JERUK","KEDOYA SELATAN","30 s.d 100 cm",1,35,96,1,0,0,96,1
202603,1,3,"KOTA ADM. JAKARTA BARAT","KEBON JERUK","KEDOYA UTARA","20 cm",1,0,0,1,0,0,0,0
202603,1,3,"KOTA ADM. JAKARTA BARAT",KEMBANGAN,"KEMBANGAN SELATAN","15 s.d 70 cm",2,40,130,1,0,0,130,2
202603,1,3,"KOTA ADM. JAKARTA BARAT",KEMBANGAN,"KEMBANGAN UTARA","25 s.d 70 cm",3,85,278,2,0,0,278,7
202603,1,3,"KOTA ADM. JAKARTA BARAT",CENGKARENG,"RAWA BUAYA","20 s.d 120 cm",4,151,598,1,0,0,598,2
202603,1,3,"KOTA ADM. JAKARTA BARAT","KEBON JERUK","SUKABUMI SELATAN","30 s.d 120 cm",1,0,0,1,0,0,0,0
202603,1,3,"KOTA ADM. JAKARTA SELATAN",CILANDAK,"CILANDAK BARAT","20 s.d 120 cm",1,0,0,3,0,0,0,0
202603,1,3,"KOTA ADM. JAKARTA SELATAN","PASAR MINGGU","CILANDAK TIMUR","30 s.d 120 cm",1,0,0,2,0,0,0,0
202603,1,3,"KOTA ADM. JAKARTA SELATAN","KEBAYORAN BARU","CIPETE UTARA","30 s.d 170 cm",1,0,0,2,0,0,0,0
202603,1,3,"KOTA ADM. JAKARTA SELATAN","KEBAYORAN LAMA",CIPULIR,"50 s.d 75 cm",1,0,0,1,0,0,0,0
202603,1,3,"KOTA ADM. JAKARTA SELATAN",PANCORAN,"DUREN TIGA","20 s.d 150 cm",1,0,0,1,0,0,0,0
202603,1,3,"KOTA ADM. JAKARTA SELATAN",JAGAKARSA,JAGAKARSA,"25 s.d 50 cm",1,0,0,1,0,0,0,0
202603,1,3,"KOTA ADM. JAKARTA SELATAN",TEBET,"KEBON BARU","30 cm",1,0,0,1,0,0,0,0
202603,1,3,"KOTA ADM. JAKARTA SELATAN","MAMPANG PRAPATAN","KUNINGAN BARAT","30 s.d 180 cm",4,122,484,1,0,0,484,4
202603,1,3,"KOTA ADM. JAKARTA SELATAN","PASAR MINGGU","PEJATEN BARAT","30 s.d 80 cm",2,260,423,1,0,0,423,4
202603,1,3,"KOTA ADM. JAKARTA SELATAN","PASAR MINGGU","PEJATEN TIMUR","50 cm",2,0,0,1,0,0,0,0
202603,1,3,"KOTA ADM. JAKARTA SELATAN","MAMPANG PRAPATAN","PELA MAMPANG","30 s.d 180 cm",1,0,0,1,0,0,0,0
202603,1,3,"KOTA ADM. JAKARTA SELATAN",PESANGGRAHAN,PESANGGRAHAN,"40 cm",2,0,0,1,0,0,0,0
202603,1,3,"KOTA ADM. JAKARTA SELATAN","KEBAYORAN BARU",PETOGOGAN,"20 s.d 80 cm",3,0,0,1,0,0,0,0
202603,1,3,"KOTA ADM. JAKARTA SELATAN",CILANDAK,"PONDOK LABU","40 s.d 50 cm",2,0,0,2,0,0,0,0
202603,1,3,"KOTA ADM. JAKARTA SELATAN",PANCORAN,RAWAJATI,"30 s.d 40 cm",1,0,0,1,0,0,0,0
202603,1,3,"KOTA ADM. JAKARTA SELATAN",JAGAKARSA,"TANJUNG BARAT","30 s.d 40 cm",1,0,0,1,0,0,0,0
202603,1,3,"KOTA ADM. JAKARTA SELATAN",PESANGGRAHAN,ULUJAMI,"30 s.d 75 cm",2,0,0,1,0,0,0,0
202603,1,3,"KOTA ADM. JAKARTA TIMUR","PASAR REBO",BARU,"40 cm",1,11,50,1,0,0,50,1
202603,1,3,"KOTA ADM. JAKARTA TIMUR",JATINEGARA,"BIDARA CINA","50 s.d 160 cm",3,0,0,1,0,0,0,0
202603,1,3,"KOTA ADM. JAKARTA TIMUR",KRAMATJATI,CAWANG,"40 s.d 90 cm",3,0,0,1,0,0,0,0
202603,1,3,"KOTA ADM. JAKARTA TIMUR",CIPAYUNG,CEGER,"00 s.d 100 cm",1,0,0,1,0,0,0,0
202603,1,3,"KOTA ADM. JAKARTA TIMUR",CIRACAS,CIBUBUR,"30 s.d 90 cm",4,0,0,1,0,0,0,0
202603,1,3,"KOTA ADM. JAKARTA TIMUR",CIPAYUNG,CILANGKAP,"30 s.d 40 cm",2,0,0,1,0,0,0,0
202603,1,3,"KOTA ADM. JAKARTA TIMUR",KRAMATJATI,CILILITAN,"60 s.d 90 cm",1,0,0,1,0,0,0,0
202603,1,3,"KOTA ADM. JAKARTA TIMUR",MAKASAR,"CIPINANG MELAYU","10 s.d 100 cm",3,0,0,2,0,0,0,0
202603,1,3,"KOTA ADM. JAKARTA TIMUR",JATINEGARA,"CIPINANG MUARA","75 cm",1,0,0,1,0,0,0,0
202603,1,3,"KOTA ADM. JAKARTA TIMUR",CIRACAS,CIRACAS,"30 s.d 50 cm",4,120,306,1,0,0,306,4
202603,1,3,"KOTA ADM. JAKARTA TIMUR",KRAMATJATI,DUKUH,"30 s.d 90 cm",3,0,0,1,0,0,0,0
202603,1,3,"KOTA ADM. JAKARTA TIMUR",MAKASAR,"HALIM PERDANA KUSUMA","10 s.d 90 cm",3,26,69,1,0,0,69,1
202603,1,3,"KOTA ADM. JAKARTA TIMUR",JATINEGARA,"KAMPUNG MELAYU","80 s.d 170 cm",4,0,0,1,0,0,0,0
202603,1,3,"KOTA ADM. JAKARTA TIMUR",MAKASAR,"KEBON PALA","10 s.d 50 cm",1,0,0,1,0,0,0,0
202603,1,3,"KOTA ADM. JAKARTA TIMUR",CIRACAS,"KELAPA DUA WETAN","30 s.d 50 cm",1,2,8,1,0,0,8,1
202603,1,3,"KOTA ADM. JAKARTA TIMUR",CIPAYUNG,MUNJUL,"30 s.d 60 cm",2,0,0,1,0,0,0,0
202603,1,3,"KOTA ADM. JAKARTA TIMUR","PASAR REBO",PEKAYON,"35 s.d 60 cm",2,50,300,1,0,0,300,1
202603,1,3,"KOTA ADM. JAKARTA TIMUR","DUREN SAWIT","PONDOK BAMBU","10 s.d 70 cm",1,0,0,1,0,0,0,0
202603,1,3,"KOTA ADM. JAKARTA TIMUR",CIRACAS,RAMBUTAN,"50 s.d 60 cm",1,0,0,1,0,0,0,0
202603,1,3,"KOTA ADM. JAKARTA TIMUR",KRAMATJATI,TENGAH,"40 s.d 50 cm",2,20,40,1,0,0,40,1
