periode_data,triwulan,wilayah,jenis_bencana,jenis_korban,jumlah_korban
2022,I,"JAKARTA BARAT","POHON TUMBANG",LUKA-LUKA,1
2022,I,"JAKARTA BARAT","POHON TUMBANG",MENINGGAL,1
2022,I,"JAKARTA SELATAN","POHON TUMBANG",LUKA-LUKA,1
2022,I,"JAKARTA TIMUR","ANGIN KENCANG",LUKA-LUKA,10
2022,II,"JAKARTA TIMUR","POHON TUMBANG",LUKA-LUKA,1
2022,III,"JAKARTA SELATAN","POHON TUMBANG",LUKA-LUKA,5
2022,IV,"JAKARTA PUSAT","POHON TUMBANG",LUKA-LUKA,6
2022,IV,"JAKARTA SELATAN",BANJIR,MENINGGAL,1
2022,IV,"JAKARTA SELATAN","TANAH LONGSOR",LUKA-LUKA,1
2023,I,"JAKARTA PUSAT","POHON TUMBANG",LUKA-LUKA,1
2023,I,"JAKARTA UTARA","POHON TUMBANG",LUKA-LUKA,3
2023,I,"JAKARTA SELATAN","POHON TUMBANG",LUKA-LUKA,1
2023,III,"JAKARTA TIMUR","POHON TUMBANG",LUKA-LUKA,1
2023,III,"JAKARTA TIMUR","TANAH LONGSOR",LUKA-LUKA,2
2023,III,"JAKARTA TIMUR","TANAH LONGSOR",MENINGGAL,1
2023,IV,"JAKARTA PUSAT","POHON TUMBANG",LUKA-LUKA,2
2023,IV,"JAKARTA UTARA","POHON TUMBANG",LUKA-LUKA,1
