periode_data,tahun,kejadian,tanggal_kejadian,lokasi_kejadian,tanggal_pendampingan,pendampingan,dokumentasi
2022,2022,Kebakaran,"Sabtu 1 Januari 2022"," Jalan Warakas Gang 17 RT 11, RW 12 Kelurahan Warakas Kecamatan Tanjung Priuk, Jakarta Utara ","Rabu 5 Januari 2022"," Pendampingan psikososial dilakukan kepada 3 orang penyintas dewasa dan 5 orang penyintas anak-anak. Untuk penyintas anak-anak menggunakan metode mewarnai dan bernyanyi, sedangkan untuk penyintas dewasa menggunakan pendekatan personal dengan instrument SRQ. Hasil dari SRQ kepada 3 orang penyintas dewasa tidak ditemukan penyintas yang membutuhkan bantuan psikologis lebih lanjut "," "
2022,2022,Kebakaran,"Senin 3 Januari 2022"," Jalan Casablanca Raya RT 17 RW 5 Kelurahan Menteng Dalam, Kecamatan Tebet, Jakarta Selatan ","Selasa 4 Januari 2022"," Pendampingan psikososial dilakukan kepada penyintas anak-anak berjumlah 6 orang, dewasa berjumlah 15 orang dan lansia sebanyak 6 orang. Metode yang digunakan untuk pendampingan kepada anak-anak adalah bermain, mewarnai dan bernyanyi, sedangkan untuk kelompok dewasa dan lansia adalah dengan menggunakan SRQ serta pendekatan personal "," "
2022,2022,Banjir,"Selasa 18 Januari s.d. Jumat 21 Januari 2022"," RW 01, 02, 03, 04, 09, 11, dan 15 Kelurahan Tegal Alur, Kecamatan Kali Deres, Jakarta Barat ","Jumat 21 Januari 2022"," Pendampingan psikososial dilakukan oleh Tim Layanan Dukungan Psikososial BPBD DKI Jakarta dan Dinas Pemberdayaan Perlindungan Anak dan Pengendalian Penduduk DKI Jakarta kepada 30 orang penyintas anak-anak di Rusunawa RT 15 RW 03 Kelurahan Tegal Alur Kecamatan Kalideres Jakarta Barat. Layanan Dukungan Psikososial untuk anak-anak dengan menggunakan metode bermain dan mewarnai "," "
2022,2022,Kebakaran,"Selasa 25 Januari 2022"," Jalan Tanah Sereal 14 RT 09 RW 10 Kelurahan Tanah Seral, Kecamatan Tambora, Jakarta Barat ","Kamis 28 Januari 2022"," Pendampingan psikososial dilakukan kepada 25 orang penyintas anak-anak dan 20 orang dewasa. Metode yang digunakan kepada penyintas anak-anak adalah dengan menggambar, bermain dan mendongeng.  Sedangkan untuk penyintas dewasa adalah dengan menggunakan pendekatan personal. "," "
2022,2022,Kebakaran,"Senin 14 Maret 2022"," Jl. Karet Pasar Baru Timur 5 RT 16 RW 09 Kelurahan Karet Tengsin Kecamatan Tanah Abang Kota Administrasi Jakarta Pusat ","Selasa 15 Maret 2022"," Pendampingan psikososial dilakukan kepada 50 orang penyintas yang dibagi menjadi kelompok anak-anak dan dewasa. Penyintas anak-anak berjumlah 10 orang dan penyintas dewasa berjumlah 40 orang. "," "
2022,2022,Kebakaran,"Rabu 16 Maret 2022"," Jl. Mampang X RT 006 dan 007 RW 03, Kelurahan Tegal Parang, Kecamatan Mampang Prapatan, Kota Administrasi Jakarta Selatan ","Jumat 18 Maret 2022"," Pendampingan di lakukan kepada 60 orang penyintas yang dibagi menjadi kelompok anak-anak dan dewasa. Penyintas anak-anak berjumlah 10 orang dan penyintas dewasa berjumlah 50 orang. "," "
2022,2022,Kebakaran,"Sabtu 19 Maret 2022"," Jl. Cempaka III RT 007 RW 06 Kelurahan Cipete Utara Kecamatan Kebayoran Baru Kota Administrasi Jakarta Selatan ","Senin 21 Maret 2022"," Pendampingan di lakukan kepada 60 orang penyintas yang dibagi menjadi kelompok anak-anak dan dewasa. Penyintas anak-anak berjumlah 10 orang dan penyintas dewasa berjumlah 50 orang. "," "
2022,2022,Kebakaran,"Kamis 24 Maret 2022"," Jl. Kemanggisan Utama Raya, RT 16 RW 08, Kelurahan Kemanggisan, Kecamatan Palmerah, Kota Administrasi Jakarta Barat ","Sabtu 26 Maret 2022"," Pendampingan psikososial dilakukan kepada 40 orang penyintas yang dibagi menjadi kelompok anak-anak dan dewasa. Penyintas anak-anak berjumlah 17 orang dan penyintas dewasa berjumlah 18 orang dan 5 orang lansia. Metode yang digunakan untuk pendampingan pada kelompok anak-anak adalah dengan bermain, mewarnai dan bernyanyi, sedangkan untuk kelompok dewasa dan lansia menggunakan SRQ, relaksasi dan Focus Group Discussion. "," "
2022,2022,Kebakaran,"Minggu 27 Maret 2022"," Jl. Sawah Lio Gg. 23 RT 002 dan 003, RW 07, Kelurahan Jembatan Lima, Kecamatan Tambora, Kota Administrasi Jakarta Barat ","Selasa 29 Maret 2022"," Pendampingan di lakukan kepada 80 orang penyintas yang dibagi menjadi kelompok anak-anak dan dewasa. Penyintas anak-anak berjumlah 18 orang dan penyintas dewasa berjumlah 58 orang dan 4 orang lansia. Metode yang digunakan untuk pendampingan pada kelompok anak-anak adalah dengan bermain, mewarnai dan bernyanyi, sedangkan untuk kelompok dewasa dan lansia menggunakan SRQ, relaksasi, Focus Group Discussion, dan body mapping. "," "
2022,2022,Kebakaran,"Jumat 8 April 2022"," Jalan Warung Gantung Kampung Kojan RT 2 RW 6 Kelurahan Kalideres, Kecamatan Kalideres, Jakarta Barat ","Selasa 12 April 2022"," Pendampingan dilakukan kepada 30 orang penyintas anak. Metode yang digunakan untuk pendampingan pada kelompok anak-anak adalah dengan bermain, mewarnai dan bernyanyi "," "
2022,2022,Kebakaran,"Selasa 12 April 2022"," Jalan Warakas I, RT 16 RW 1, Kelurahan Warakas, Kecamatan Tanjung Priuk, Jakarta Utara ","Selasa 12 April 2022"," Tim LDP BPBD DKI Jakarta telah melakukan koordinasi dengan Ketua RT untuk bertemu dengan keluarga korban dan koordinasi dengan Dinas Kesehatan agar menghadirkan psikolog untuk memberikan pendampingan psikososial. Namun, keluarga korban langsung berangkat ke Medan untuk mengurus pemakaman keluarganya. "," "
2022,2022,Kebakaran,"Rabu 13 April 2022"," Jl. Taruna RT 01, RW 03, Kelurahan Pulogadung, Kecamatan Pulogadung, Kota Administrasi Jakarta Timur ","Selasa 29 Maret 2022"," Pendampingan dilakukan kepada 60 orang penyintas yang dibagi menjadi kelompok anak-anak dan dewasa. Penyintas anak-anak berjumlah 26 orang dan penyintas dewasa berjumlah 30 orang dan 4 orang lansia. Metode yang digunakan untuk pendampingan pada kelompok anak-anak adalah dengan bermain, mewarnai dan bernyanyi, sedangkan untuk kelompok dewasa dan lansia menggunakan SRQ, relaksasi, Focus Group Discussion, dan body mapping. "," "
2022,2022,Kebakaran,"Sabtu 19 April 2022"," Jl. Jenderal Basuki Rahmat No 8 RT 01, 02, 04 dan 05 RW 01, Kelurahan Cipinang Besar Utara, Kecamatan Jatinegara, Kota Administrasi Jakarta Timur ","Selasa 26 April 2022 sampai dengan Selasa 3 Mei 2022"," Pendampingan dilakukan kepada 150 orang penyintas yang dibagi menjadi kelompok anak-anak dan dewasa. Penyintas anak-anak berjumlah 80 orang dan penyintas dewasa berjumlah 70 orang. Metode yang digunakan untuk pendampingan pada kelompok anak-anak adalah dengan bermain, mewarnai dan bernyanyi, sedangkan untuk kelompok dewasa dan lansia menggunakan SRQ, relaksasi, Focus Group Discussion, dan body mapping. "," "
2022,2022,Kebakaran,"Kamis 12 Mei 2022"," Jalan H. Ten RT 03 RW 06, Kelurahan Kayu Putih, Kecamatan Pulo Gadung, Jakarta Timur ","Selasa 17 Mei 2022"," Tim LDP BPBD DKI Jakarta mengunjungi keluarga korban, Bapak Lambok dan Bapak Donni dengan memberikan Psychological First Aid bantuan awal psikologis dengan teknik mendengar aktif serta menginformasikan jika keluarga membutuhkan konseling psikologis dapat menghubungi Tim LDP BPBD atau petugas Puskesmas setempat. "," "
2022,2022,"Kebakaran ","Selasa 24 Mei 2022"," Jl. Masjid Al-Huda, RT 005 RW 001 Kelurahan Kebayoran Lama Utara, Kecamatan Kebayoran Lama, Kota Administrasi Jakarta Selatan ","Jumat 27 Mei 2022"," Pendampingan di lakukan kepada 31 orang penyintas yang dibagi menjadi kelompok anak-anak dan dewasa. Penyintas anak-anak berjumlah 20 orang dan penyintas dewasa berjumlah 11 orang. Metode yang digunakan untuk pendampingan pada kelompok anak-anak adalah dengan bermain, mewarnai dan bernyanyi, sedangkan untuk kelompok dewasa dan lansia menggunakan SRQ, relaksasi, dan Focus Group Discussion. "," "
2022,2022,Kebakaran,"Selasa 26 Juli 2022","  Jl. Sawah Lio Raya Gg. 8 RT 04 RW 08 Kelurahan Jembatan Lima Kecamatan Tambora Kota Administrasi Jakarta Barat  ","Rabu 27 Juli 2022 sampai dengan Jumat 29 Juli 2022 "," Pendampingan psikososial dilakukan kepada 30 orang penyintas anak-anak dan 25 orang dewasa. Metode yang digunakan kepada penyintas anak-anak adalah dengan menggambar, bermain dan mendongeng.  Sedangkan untuk penyintas dewasa adalah dengan menggunakan pendekatan personal dan memberikan relaksasi. "," "
2022,2022,Kebakaran,"Jumat 12 Agustus 2022"," Jl. Lapangan H. Sarmo RT 11 RW 13 Kelurahan Menteng Dalam, Kecamatan Tebet, Jakarta Selatan ","Senin 15 Agustus 2022"," Pendampingan di lakukan kepada 33 orang penyintas yang dibagi menjadi kelompok anak-anak dan dewasa. Penyintas anak-anak berjumlah 15 orang dan penyintas dewasa berjumlah 16 orang dan 2 orang lansia. Metode yang digunakan untuk pendampingan pada kelompok anak-anak adalah dengan bermain, menyanyi dan mewarnai sedangkan untuk kelompok dewasa dan lansia menggunakan SRQ dan pendekatan personal. "," "
2022,2022,Kebakaran,"Minggu 21 Agustus 2022"," Jalan Simprug Golf II RT 008 RW 08 Kelurahan Grogol Selatan, Kecamatan Kebayoran Lama, Kota Administrasi Jakarta Selatan "," Selasa 23 Agustus 2022 sampai dengan Jumat 26 Agustus 2022 "," Layanan Dukungan Psikososial dilakukan kepada 60 orang penyintas anak-anak dan 26 orang dewasa. Metode yang digunakan kepada penyintas anak-anak adalah dengan bernyanyi dan bermain.Metode yang digunakan kepada penyintas dewasa adalah pengkajian kondisi psikologis penyintas menggunakan instrumen SRQ  Self Reporting Quetionnaire , mendengarkan curahan hati penyintas dengan teknik mendengar aktif dan mengajarkan teknik relaksasi. , "," "
2022,2022,Kebakaran,"Senin 29 Agustus 2022","  Jalan Swadaya PLN RT 13 RW 02, Kelurahan Jatinegara, Kecamatan Cakung, Kota Administrasi Jakarta Timur  "," Selasa 30 Agustus 2022 sampai dengan Jumat 2 September 2022 "," Layanan Dukungan Psikososial dilakukan kepada penyintas dewasa dan anak-anak. Metode yang digunakan kepada penyintas dewasa adalah dengan melakukan terapi relaksasi dan untuk penyintas anak-anak dengan bermain, bernyanyi dan menggambar bersama dengan penyintas. , "," "
2022,2022,Kebakaran,"Selasa 27 September 2022","  RT 04 RW 01 Kelurahan Pegangsaan, Kecamatan Menteng, Jakarta Pusat  "," Kamis 29 September 2022 sampai dengan Jumat 30 September 2022 "," Layanan Dukungan Psikososial dilakukan kepada penyintas anak-anak. Metode yang digunakan kepada penyintas anak-anak adalah dengan bernyanyi dan bermain dengan anak-anak. , "," "
2022,2022,Kebakaran,"Sabtu 22 Oktober 2022","  Jalan Pademangan VII RT 008 RW 010, Kelurahan Pademangan Timur, Kecamatan Pademangan, Kota Administrasi Jakarta Utara  "," Selasa 25 Oktober 2022   "," Layanan Dukungan Psikososial dilakukan kepada penyintas anak-anak. Metode yang digunakan kepada penyintas anak-anak adalah dengan menggambar, berdongeng, bernyanyi,  dan bermain. , "," "
2022,2022,Kebakaran,"Minggu 30 Oktober 2022","  Jl. Raya Kebayoran Lama RT 06 RW 08, Kelurahan Sukabumi Selatan, Kecamatan, Kebon Jeruk Kota Administrasi Jakarta Barat  "," Selasa 1 November 2022 sampai dengan Rabu 2 November 2022  "," Layanan Dukungan Psikososial dilakukan kepada penyintas anak-anak dan dewasa. Metode yang digunakan kepada penyintas anak-anak adalah dengan bermain bernyanyi, dan menggambar. Metode yang digunakan kepada penyintas dewasa adalah dengan bermain lilin malam dan relaksasi. , "," "
2022,2022,Kebakaran,"Minggu 30 Oktober 2022","  Jalan Kacang Tanah RT 16 RW 04, Kelurahan Rawa Buaya, Kecamatan Cengkareng, Kota Administrasi Jakarta Barat  "," Selasa 1 November 2022 sampai dengan Rabu 2 November 2022  "," Layanan Dukungan Psikososial dilakukan kepada penyintas anak-anak dan dewasa. Metode yang digunakan kepada penyintas anak-anak adalah dengan bermain bernyanyi, dan menggambar. Metode yang digunakan kepada penyintas dewasa adalah dengan pendekatan personal dan relaksasi otot. , "," "
2022,2022,"Gempa Bumi","Senin 21 November 2022","  Pos penyintas Taman Joglo, Pos penyintas Pagi Sore Cibeureum, Posko Dapur Umum Baznas Sarampad, dan Posko Puncak Manis  "," Selasa 22 November 2022 sampai dengan Sabtu 26 November 2022 "," Melakukan terapi bermain, bernyanyi, menggambar, dan membagikan boneka serta mainan kepada anak-anak  80 orang . Melakukan relaksasi kepada penyintas dewasa. , "," "
2022,2022,Kebakaran,"Sabtu 17 Desember 2022 "," Jalan Manggarai Utara II RT 11 dan 09 RW 01 Kelurahan Manggarai Kecamatan Tebet Kota Administrasi Jakarta Selatan ","Senin 19 Desember 2022 "," Layanan Dukungan Psikososial dilakukan kepada penyintas anak-anak yang berjumlah 12 orang. Metode yang digunakan kepada penyintas anak-anak adalah menggambar dan mewarnai.  , "," "
2022,2022,Kebakaran,"Minggu 25 Desember 2022"," Jalan Inspeksi Kali Ciliwung, Kp. Pulo, Kelurahan Kampung Melayu, Kecamatan Jatinegara, Kota Administrasi Jakarta Timur ","Senin 26 Desember 2022"," Layanan Dukungan Psikososial dilakukan kepada penyintas anak-anak yang berjumlah 30 orang. Metode yang digunakan kepada penyintas anak-anak adalah menggambar, mewarnai dan bermain. Memberikan bahan kontak berupa jus buah, buku gambar, spidol, boneka dan mainan anak. , "," "
2022,2022,Kebakaran,"Senin 26 Desember 2022"," Jalan Bangka Raya Gang Amal, RT 06, 07 dan 08 RW 05, Kelurahan Pela Mampang, Kecamatan Mampang Prapatan, Kota Administrasi Jakarta Selatan ","Selasa dan Rabu 27 dan 28 Desember 2022 "," Layanan Dukungan Psikososial dilakukan kepada penyintas anak-anak yang berjumlah 30 orang dan dewasa sebanyak 15 orang. Metode yang digunakan kepada penyintas anak-anak adalah menggambar, mewarnai dan bermain sedangkan untuk penyintas dewasa menggunakan metode relaksasi dan menulis ekspresif. , "," "
