question_id,category,question,expected_answer,doc_id,section,status,validated_by,catatan_supervisor
Q001,identitas,"Apa format, kategori, dan tahun data dataset ""Data Kejadian Bencana Banjir Tahun 2024""?","Dataset ""Data Kejadian Bencana Banjir Tahun 2024"" berformat Excel, kategori Data Kejadian (sub-kategori Banjir), tahun data 2024, wilayah Provinsi DKJ, diterbitkan oleh BPBD Provinsi DKJ. Sifat data: Terbuka.",DOC-017,identitas,draft,,
Q002,deskripsi,"Apa isi dataset ""Data Kejadian Bencana Banjir Tahun 2024""?",Data kejadian bencana banjir di Provinsi DKJ tahun 2024. Dataset tabular kejadian banjir per wilayah administratif.,DOC-017,deskripsi,draft,,
Q003,satuan,"Apa satuan dan jenis tabulasi dataset ""Data Kejadian Bencana Banjir Tahun 2024""?",Satuan: kejadian / gangguan; jenis tabulasi: Tabel Agregat Kejadian Bencana.,DOC-017,cakupan,draft,,
Q004,wilayah,"Wilayah mana yang dicakup dataset ""Data Kejadian Bencana Banjir Tahun 2024""?",Provinsi DKJ,DOC-017,cakupan,draft,,
Q005,sumber,"Siapa penerbit dan apa sumber data ""Data Kejadian Bencana Banjir Tahun 2024""?",Penerbit: BPBD Provinsi DKJ; sumber: BPBD Provinsi DKJ / Satu Data Jakarta.,DOC-017,sumber,draft,,
Q006,pembaruan,"Kapan dataset ""Data Kejadian Bencana Banjir Tahun 2024"" diperbarui?",Metadata diperbarui 2026-04-17; data diperbarui 2026-04-09.,DOC-017,pembaruan,draft,,
Q007,bencana,"Jenis bencana apa yang tercakup dalam ""Data Kejadian Bencana Banjir Tahun 2024""?",Banjir,DOC-017,bencana,draft,,
Q008,tag,"Apa kata kunci dataset ""Data Kejadian Bencana Banjir Tahun 2024""?","bencana, dkj, bpbd, 2024, data kejadian, banjir",DOC-017,tag,draft,,
Q009,identitas,"Apa format, kategori, dan tahun data dataset ""Data Kejadian Bencana Kebakaran di Provinsi DKJ Tahun 2024""?","Dataset ""Data Kejadian Bencana Kebakaran di Provinsi DKJ Tahun 2024"" berformat CSV, kategori Data Kejadian (sub-kategori Kebakaran), tahun data 2024, wilayah Provinsi DKJ, diterbitkan oleh BPBD Provinsi DKJ. Sifat data: Terbuka.",DOC-021,identitas,draft,,
Q010,deskripsi,"Apa isi dataset ""Data Kejadian Bencana Kebakaran di Provinsi DKJ Tahun 2024""?",Data kejadian bencana kebakaran di Provinsi DKJ tahun 2024. Dataset tabular jumlah dan detail kejadian kebakaran per wilayah.,DOC-021,deskripsi,draft,,
Q011,satuan,"Apa satuan dan jenis tabulasi dataset ""Data Kejadian Bencana Kebakaran di Provinsi DKJ Tahun 2024""?",Satuan: kejadian / gangguan; jenis tabulasi: Tabel Agregat Kejadian Bencana.,DOC-021,cakupan,draft,,
Q012,wilayah,"Wilayah mana yang dicakup dataset ""Data Kejadian Bencana Kebakaran di Provinsi DKJ Tahun 2024""?",Provinsi DKJ,DOC-021,cakupan,draft,,
Q013,sumber,"Siapa penerbit dan apa sumber data ""Data Kejadian Bencana Kebakaran di Provinsi DKJ Tahun 2024""?",Penerbit: BPBD Provinsi DKJ; sumber: BPBD Provinsi DKJ / Satu Data Jakarta.,DOC-021,sumber,draft,,
Q014,pembaruan,"Kapan dataset ""Data Kejadian Bencana Kebakaran di Provinsi DKJ Tahun 2024"" diperbarui?",Metadata diperbarui 2026-04-17; data diperbarui 2026-04-09.,DOC-021,pembaruan,draft,,
Q015,bencana,"Jenis bencana apa yang tercakup dalam ""Data Kejadian Bencana Kebakaran di Provinsi DKJ Tahun 2024""?",Kebakaran,DOC-021,bencana,draft,,
Q016,tag,"Apa kata kunci dataset ""Data Kejadian Bencana Kebakaran di Provinsi DKJ Tahun 2024""?","bencana, dkj, bpbd, 2024, data kejadian, kebakaran",DOC-021,tag,draft,,
Q017,identitas,"Apa format, kategori, dan tahun data dataset ""Kerusakan pada Infrastruktur Vital dan Jumlah Gangguan pada Layanan Dasar Akibat Bencana""?","Dataset ""Kerusakan pada Infrastruktur Vital dan Jumlah Gangguan pada Layanan Dasar Akibat Bencana"" berformat CSV, kategori Data Dampak (sub-kategori Kerusakan & Kerugian), tahun data Multi-tahun, wilayah Provinsi DKJ, diterbitkan oleh BPBD Provinsi DKJ. Sifat data: Terbuka.",DOC-047,identitas,draft,,
Q018,deskripsi,"Apa isi dataset ""Kerusakan pada Infrastruktur Vital dan Jumlah Gangguan pada Layanan Dasar Akibat Bencana""?",Data kerusakan dan/atau kerugian nominal akibat bencana di Provinsi DKJ. Dataset dampak fisik dan ekonomi bencana.,DOC-047,deskripsi,draft,,
Q019,satuan,"Apa satuan dan jenis tabulasi dataset ""Kerusakan pada Infrastruktur Vital dan Jumlah Gangguan pada Layanan Dasar Akibat Bencana""?",Satuan: unit; jenis tabulasi: Tabel Inventaris Fisik / Kerusakan Aset.,DOC-047,cakupan,draft,,
Q020,wilayah,"Wilayah mana yang dicakup dataset ""Kerusakan pada Infrastruktur Vital dan Jumlah Gangguan pada Layanan Dasar Akibat Bencana""?",Provinsi DKJ,DOC-047,cakupan,draft,,
Q021,sumber,"Siapa penerbit dan apa sumber data ""Kerusakan pada Infrastruktur Vital dan Jumlah Gangguan pada Layanan Dasar Akibat Bencana""?",Penerbit: BPBD Provinsi DKJ; sumber: BPBD Provinsi DKJ / Satu Data Jakarta.,DOC-047,sumber,draft,,
Q022,pembaruan,"Kapan dataset ""Kerusakan pada Infrastruktur Vital dan Jumlah Gangguan pada Layanan Dasar Akibat Bencana"" diperbarui?",Metadata diperbarui 2026-04-17; data diperbarui 2026-04-09.,DOC-047,pembaruan,draft,,
Q023,infrastruktur,"Infrastruktur atau aset apa yang dicatat pada ""Kerusakan pada Infrastruktur Vital dan Jumlah Gangguan pada Layanan Dasar Akibat Bencana""?",Infrastruktur Vital,DOC-047,infrastruktur,draft,,
Q024,tag,"Apa kata kunci dataset ""Kerusakan pada Infrastruktur Vital dan Jumlah Gangguan pada Layanan Dasar Akibat Bencana""?","bencana, dkj, bpbd, data dampak, kerusakan & kerugian",DOC-047,tag,draft,,
Q025,identitas,"Apa format, kategori, dan tahun data dataset ""Jumlah Korban Mengungsi Akibat Bencana""?","Dataset ""Jumlah Korban Mengungsi Akibat Bencana"" berformat CSV, kategori Data Dampak (sub-kategori Korban & Pengungsi), tahun data Multi-tahun, wilayah Provinsi DKJ, diterbitkan oleh BPBD Provinsi DKJ. Sifat data: Terbuka.",DOC-043,identitas,draft,,
Q026,deskripsi,"Apa isi dataset ""Jumlah Korban Mengungsi Akibat Bencana""?",Data jumlah korban dan/atau pengungsi akibat bencana di Provinsi DKJ. Dataset dampak kemanusiaan bencana per wilayah.,DOC-043,deskripsi,draft,,
Q027,satuan,"Apa satuan dan jenis tabulasi dataset ""Jumlah Korban Mengungsi Akibat Bencana""?",Satuan: jiwa / orang; jenis tabulasi: Tabel Demografi Dampak Manusia.,DOC-043,cakupan,draft,,
Q028,wilayah,"Wilayah mana yang dicakup dataset ""Jumlah Korban Mengungsi Akibat Bencana""?",Provinsi DKJ,DOC-043,cakupan,draft,,
Q029,sumber,"Siapa penerbit dan apa sumber data ""Jumlah Korban Mengungsi Akibat Bencana""?",Penerbit: BPBD Provinsi DKJ; sumber: BPBD Provinsi DKJ / Satu Data Jakarta.,DOC-043,sumber,draft,,
Q030,pembaruan,"Kapan dataset ""Jumlah Korban Mengungsi Akibat Bencana"" diperbarui?",Metadata diperbarui 2026-04-17; data diperbarui 2026-04-09.,DOC-043,pembaruan,draft,,
Q031,tag,"Apa kata kunci dataset ""Jumlah Korban Mengungsi Akibat Bencana""?","bencana, dkj, bpbd, data dampak, korban & pengungsi, korban, pengungsi",DOC-043,tag,draft,,
Q032,identitas,"Apa format, kategori, dan tahun data dataset ""Indeks Risiko Bencana""?","Dataset ""Indeks Risiko Bencana"" berformat CSV, kategori Indikator (sub-kategori Indeks Risiko Bencana), tahun data Multi-tahun, wilayah Provinsi DKJ, diterbitkan oleh BPBD Provinsi DKJ. Sifat data: Terbuka.",DOC-035,identitas,draft,,
Q033,deskripsi,"Apa isi dataset ""Indeks Risiko Bencana""?",Data Indeks Risiko Bencana Provinsi DKJ. Indikator komposit tingkat risiko bencana wilayah.,DOC-035,deskripsi,draft,,
Q034,satuan,"Apa satuan dan jenis tabulasi dataset ""Indeks Risiko Bencana""?",Satuan: persen / indeks; jenis tabulasi: Indikator Komposit / Capaian SPM.,DOC-035,cakupan,draft,,
Q035,wilayah,"Wilayah mana yang dicakup dataset ""Indeks Risiko Bencana""?",Provinsi DKJ,DOC-035,cakupan,draft,,
Q036,sumber,"Siapa penerbit dan apa sumber data ""Indeks Risiko Bencana""?",Penerbit: BPBD Provinsi DKJ; sumber: BPBD Provinsi DKJ / Satu Data Jakarta.,DOC-035,sumber,draft,,
Q037,pembaruan,"Kapan dataset ""Indeks Risiko Bencana"" diperbarui?",Metadata diperbarui 2026-04-17; data diperbarui 2026-04-09.,DOC-035,pembaruan,draft,,
Q038,tag,"Apa kata kunci dataset ""Indeks Risiko Bencana""?","bencana, dkj, bpbd, indikator, indeks risiko bencana, risiko bencana",DOC-035,tag,draft,,
Q039,lintas_dataset,Dataset apa saja yang termasuk sub-kategori Banjir?,DOC-001 Kejadian Bencana Banjir; DOC-002 Kejadian Bencana Banjir Tahun 2024; DOC-014 Titik Rawan Bencana-Banjir; DOC-018 Data Kejadian Bencana Banjir di Provinsi DKJ Tahun 2020; DOC-016 Data Kejadian Bencana Banjir Tahun 2023; DOC-017 Data Kejadian Bencana Banjir Tahun 2024; DOC-019 Data Kejadian Bencana Banjir; DOC-031 Data Titik Rawan Bencana Banjir Tahun 2022; DOC-032 Data Titik Rawan Bencana Banjir,DOC-001;DOC-002;DOC-014;DOC-018;DOC-016;DOC-017;DOC-019;DOC-031;DOC-032,identitas,draft,,
Q040,lintas_dataset,Dataset apa saja yang termasuk sub-kategori Kebakaran?,DOC-003 Kejadian Bencana Kebakaran di Provinsi DKJ; DOC-020 Data Kejadian Bencana Kebakaran di DKJ; DOC-021 Data Kejadian Bencana Kebakaran di Provinsi DKJ Tahun 2024; DOC-022 Data Kejadian Bencana Kebakaran di Provinsi DKJ; DOC-045 Jumlah Objek Bencana Kebakaran Menurut Benda yang Terbakar dan Kota Administrasi di Provinsi DKJ,DOC-003;DOC-020;DOC-021;DOC-022;DOC-045,identitas,draft,,
Q041,lintas_dataset,Dataset apa saja yang termasuk sub-kategori Pembinaan & Pelatihan?,"DOC-006 Pembinaan dan Peningkatan Kapasitas Aparatur, Relawan serta Potensi Masyara; DOC-007 Pembinaan dan Peningkatan Kapasitas Aparatur, Relawan, serta Potensi Masyar; DOC-013 Peningkatan Kapasitas dan Simulasi Penanggulangan Bencana pada Fasilitas Publik; DOC-025 Data Pembinaan dan Peningkatan Kapasitas Aparatur Relawan serta Potensi Masyarakat Lainnya dalam Penyelenggaraan Penanggulangan Bencana (1); DOC-026 Data Pembinaan dan Peningkatan Kapasitas Aparatur Relawan serta Potensi Masyarakat Lainnya dalam Penyelenggaraan Penanggulangan Bencana; DOC-028 Peningkatan Kapasitas dan Simulasi Penanggulangan Bencana pada Fasilitas Publik; DOC-085 Persentase Masyarakat dan Aparatur yang Dilatih dalam Penyelenggaraan Penanggulangan Bencana",DOC-006;DOC-007;DOC-013;DOC-025;DOC-026;DOC-028;DOC-085,identitas,draft,,
Q042,lintas_dataset,Dataset apa saja yang termasuk sub-kategori Korban & Pengungsi?,DOC-008 Pemenuhan Kebutuhan Dasar Korban Bencana; DOC-043 Jumlah Korban Mengungsi Akibat Bencana; DOC-050 Persentase Pemenuhan Kebutuhan Dasar Korban Bencana Lingkup Kabupaten Administrasi Kepulauan Seribu Tahun 2023; DOC-051 Persentase Pemenuhan Kebutuhan Dasar Korban Bencana Lingkup Kabupaten Administrasi Kepulauan Seribu; DOC-062 Jumlah Korban Mengungsi Akibat Bencana,DOC-008;DOC-043;DOC-050;DOC-051;DOC-062,identitas,draft,,
Q043,lintas_dataset,Dataset apa saja yang termasuk sub-kategori Pendampingan?,DOC-011 Pendampingan Kelurahan Tangguh Bencana; DOC-012 Pendampingan Pascabencana; DOC-027 Data Pendampingan Pasca Bencana Tahun 2022; DOC-052 Persentase Pendampingan yang Dilaksanakan pada Pasca Bencana Tahun 2023,DOC-011;DOC-012;DOC-027;DOC-052,identitas,draft,,
Q044,lintas_dataset,Dataset apa saja yang termasuk sub-kategori Bencana Alam?,DOC-015 Jumlah Korban yang Diakibatkan Bencana Alam Menurut Kabupaten/Kota di Provinsi DKJ; DOC-023 Data Kejadian Bencana di Provinsi DKJ Tahun 2021; DOC-024 Data Kejadian Bencana; DOC-036 Jumlah Bencana yang Terjadi di Provinsi DKJ Menurut Jenis Bencana dan Kabupaten/Kota; DOC-038 Jumlah Korban yang Diakibatkan Bencana Alam Menurut Kabupaten/Kota di Provinsi DKJ; DOC-039 Jumlah Korban yang Diakibatkan Bencana Alam Menurut Kabupaten/Kota di Provinsi DKJ; DOC-040 Jumlah Kerugian Nominal Akibat Bencana Alam; DOC-041 Jumlah Korban yang Diakibatkan Bencana Alam Menurut Kabupaten/Kota di Provinsi DKJ; DOC-042 Jumlah Korban yang Diakibatkan Bencana Alam Menurut Kabupaten/Kota di Provinsi DKJ; DOC-044 Jumlah Korban yang Diakibatkan Bencana Alam Menurut Kabupaten/Kota di Provinsi DKJ,DOC-015;DOC-023;DOC-024;DOC-036;DOC-038;DOC-039;DOC-040;DOC-041;DOC-042;DOC-044,identitas,draft,,
Q045,lintas_dataset,Dataset apa saja yang termasuk sub-kategori Risiko Bencana?,DOC-037 Jumlah Dokumen Kajian Risiko Bencana; DOC-065 Kajian Risiko Bencana Nasional Provinsi DKJ 2022–2026; DOC-066 Kajian Risiko Bencana Provinsi DKJ Tahun 2022-2026,DOC-037;DOC-065;DOC-066,identitas,draft,,
Q046,lintas_dataset,Dataset apa saja yang termasuk sub-kategori Kerusakan & Kerugian?,DOC-047 Kerusakan pada Infrastruktur Vital dan Jumlah Gangguan pada Layanan Dasar Akibat Bencana; DOC-048 Nilai Kerugian dan Kerusakan Sektor Ekonomi Akibat Bencana; DOC-067 Kerusakan pada Infrastruktur Vital dan Jumlah Gangguan pada Layanan Dasar Akibat Bencana; DOC-068 Nilai Kerugian dan Kerusakan Sektor Ekonomi Akibat Bencana,DOC-047;DOC-048;DOC-067;DOC-068,identitas,draft,,
Q047,lintas_dataset,Dataset apa saja yang termasuk sub-kategori Kejadian Bencana?,DOC-073 Infografis Kejadian Bencana Provinsi DKJ Tahun 2020; DOC-074 Infografis Kejadian Bencana Provinsi DKJ Tahun 2021; DOC-075 Infografis Kejadian Bencana Provinsi DKJ Tahun 2022; DOC-076 Infografis Kejadian Bencana Provinsi DKJ Tahun 2023; DOC-077 Infografis Kejadian Bencana Provinsi DKJ Tahun 2024; DOC-078 Infografis Kejadian Bencana Provinsi DKJ Tahun 2025,DOC-073;DOC-074;DOC-075;DOC-076;DOC-077;DOC-078,identitas,draft,,
Q048,lintas_dataset,Dataset apa saja yang termasuk sub-kategori LKIP BPBD?,DOC-080 Laporan Kinerja Instansi Pemerintah (LKIP) BPBD Provinsi DKJ Tahun 2020; DOC-081 Laporan Kinerja Instansi Pemerintah (LKIP) BPBD Provinsi DKJ Tahun 2021; DOC-082 Laporan Kinerja Instansi Pemerintah (LKIP) BPBD Provinsi DKJ Tahun 2022; DOC-083 Laporan Kinerja Instansi Pemerintah (LKIP) BPBD Provinsi DKJ Tahun 2024; DOC-084 Laporan Kinerja Instansi Pemerintah (LKIP) BPBD Provinsi DKJ Tahun 2025; DOC-069 Pemutakhiran Juli Laporan Kinerja BPBD Provinsi DKJ Tahun 2025,DOC-080;DOC-081;DOC-082;DOC-083;DOC-084;DOC-069,identitas,draft,,
Q049,rekap,Berapa jumlah dataset berkategori Data Kejadian?,34 dataset.,DOC-001;DOC-002;DOC-003;DOC-004;DOC-014;DOC-015;DOC-018;DOC-016;DOC-017;DOC-019,identitas,draft,,
Q050,rekap,Berapa jumlah dataset berkategori Data Kelembagaan?,1 dataset.,DOC-005,identitas,draft,,
Q051,rekap,Berapa jumlah dataset berkategori Data Kapasitas?,13 dataset.,DOC-006;DOC-007;DOC-011;DOC-012;DOC-013;DOC-025;DOC-026;DOC-027;DOC-028;DOC-029,identitas,draft,,
Q052,rekap,Berapa jumlah dataset berkategori Data Dampak?,10 dataset.,DOC-008;DOC-043;DOC-047;DOC-048;DOC-050;DOC-051;DOC-062;DOC-064;DOC-067;DOC-068,identitas,draft,,
Q053,rekap,Berapa jumlah dataset berkategori Data Respons?,2 dataset.,DOC-009;DOC-010,identitas,draft,,
Q054,rekap,Berapa jumlah dataset berkategori Indikator?,5 dataset.,DOC-033;DOC-034;DOC-035;DOC-049;DOC-070,identitas,draft,,
Q055,rekap,Berapa jumlah dataset berkategori Kajian?,4 dataset.,DOC-037;DOC-065;DOC-066;DOC-079,identitas,draft,,
Q056,rekap,Berapa jumlah dataset berkategori Data Potensi?,2 dataset.,DOC-046;DOC-086,identitas,draft,,
Q057,rekap,Berapa jumlah dataset berkategori Infografis?,6 dataset.,DOC-073;DOC-074;DOC-075;DOC-076;DOC-077;DOC-078,identitas,draft,,
Q058,rekap,Berapa jumlah dataset berkategori Data Kebencanaan?,1 dataset.,DOC-058,identitas,draft,,
Q059,rekap,Berapa jumlah dataset berkategori Laporan Kinerja?,6 dataset.,DOC-080;DOC-081;DOC-082;DOC-083;DOC-084;DOC-069,identitas,draft,,
Q060,rekap,Berapa jumlah dataset berkategori Rencana?,3 dataset.,DOC-087;DOC-071;DOC-072,identitas,draft,,
Q061,rekap,Berapa dataset berformat Excel?,30 dataset.,DOC-001;DOC-002;DOC-003;DOC-004;DOC-005;DOC-006;DOC-007;DOC-008;DOC-009;DOC-010,identitas,draft,,
Q062,rekap,Berapa dataset berformat CSV?,38 dataset.,DOC-015;DOC-018;DOC-016;DOC-019;DOC-023;DOC-020;DOC-021;DOC-022;DOC-024;DOC-025,identitas,draft,,
Q063,rekap,Berapa dataset berformat PDF?,19 dataset.,DOC-073;DOC-074;DOC-075;DOC-076;DOC-077;DOC-078;DOC-065;DOC-066;DOC-079;DOC-080,identitas,draft,,
Q064,lintas_dataset,Tahun berapa saja infografis kejadian bencana tersedia?,"2020, 2021, 2022, 2023, 2024, 2025",DOC-073;DOC-074;DOC-075;DOC-076;DOC-077;DOC-078,identitas,draft,,
Q065,lintas_dataset,Dataset apa saja yang mencakup bencana Banjir?,Kejadian Bencana Banjir; Kejadian Bencana Banjir Tahun 2024; Titik Rawan Bencana-Banjir; Data Kejadian Bencana Banjir di Provinsi DKJ Tahun 2020; Data Kejadian Bencana Banjir Tahun 2023; Data Kejadian Bencana Banjir Tahun 2024; Data Kejadian Bencana Banjir; Data Titik Rawan Bencana Banjir Tahun 2022,DOC-001;DOC-002;DOC-014;DOC-018;DOC-016;DOC-017;DOC-019;DOC-031;DOC-032;DOC-071,bencana,draft,,
Q066,lintas_dataset,Dataset apa saja yang mencakup bencana Kebakaran?,Kejadian Bencana Kebakaran di Provinsi DKJ; Data Kejadian Bencana Kebakaran di DKJ; Data Kejadian Bencana Kebakaran di Provinsi DKJ Tahun 2024; Data Kejadian Bencana Kebakaran di Provinsi DKJ; Jumlah Objek Bencana Kebakaran Menurut Benda yang Terbakar dan Kota Administrasi di Provinsi DKJ,DOC-003;DOC-020;DOC-021;DOC-022;DOC-045,bencana,draft,,
Q067,lintas_dataset,Dataset apa saja yang mencakup bencana Pohon Tumbang?,Kejadian Pohon Tumbang,DOC-004,bencana,draft,,
Q068,lintas_dataset,Dataset apa saja yang mencakup bencana Krisis Kesehatan?,Jumlah Warga Negara Terdampak Krisis Kesehatan Akibat Bencana danatau Berpotensi Bencana di Provinsi yang Mendapatkan Layanan Kesehatan; Jumlah Warga Negara Terdampak Krisis Kesehatan Akibat Bencana dan/atau Berpotensi Bencana di Provinsi DKJ,DOC-046;DOC-064,bencana,draft,,
